VOC_Index,VOC_Name,Selection_Freq,Soft_Mean,Soft_Std,Soft_SEM
0,"1_2-Butenal, (Z)-                                                                                                              ",0.53,0.5101365,0.18058875,0.01805887520313263
1,"4_4,5-Dihydrooxazole-5-one, 4-[4-acetoxy-3-methoxybenzylidene]-2-phenyl-                                                       ",0.49,0.47774097,0.15636563,0.015636563301086426
2,6_Cyclopropyl methyl carbinol                                                                                                  ,0.5,0.4980067,0.16965644,0.0169656440615654
3,10_Benzene                                                                                                                     ,0.41,0.4544588,0.17342365,0.01734236478805542
4,"11_Ethane, 1,2-dichloro-                                                                                                       ",0.45,0.47412232,0.16800971,0.01680097132921219
5,13_3-Methoxypropionic acid                                                                                                     ,0.5,0.49366534,0.14693418,0.014693418145179748
6,14_Thiirane                                                                                                                    ,0.53,0.524954,0.1688405,0.016884049773216246
7,"17_Furan, 2,3-dihydro-4-methyl-                                                                                                ",0.54,0.50323737,0.14733768,0.01473376750946045
8,"18_Diborane(6), .mu.-mercapto-                                                                                                 ",0.45,0.48424545,0.172946,0.01729460060596466
9,"19_Cyclohexane, (1,1-dimethylethyl)-                                                                                           ",0.43,0.48273572,0.16795658,0.016795657575130463
10,25_2-Oxo-6-(piperidine-1-sulfonyl)-benzooxazole-3-carboxylic acid 2-chloro-ethyl ester                                         ,0.49,0.50301176,0.16507997,0.01650799661874771
11,"26_2-Propanol, 1-methoxy-                                                                                                      ",0.47,0.4731176,0.16586292,0.016586291790008544
12,"28_Nonane, 5-methylene-                                                                                                        ",0.42,0.47503686,0.15888827,0.015888826549053194
13,"29_Disiloxane, hexamethyl-                                                                                                     ",0.48,0.5111098,0.16583733,0.01658373326063156
14,"34_Butanal, 2-methyl-                                                                                                          ",0.61,0.5331451,0.16201536,0.0162015363574028
15,36_1-Penten-3-one                                                                                                              ,0.53,0.51992446,0.17515954,0.01751595437526703
16,"38_Methoxyacetic acid, 2-tetrahydrofurylmethyl ester                                                                           ",0.56,0.536742,0.18422022,0.018422022461891174
17,40_tert-Butylpentamethyldisiloxane                                                                                             ,0.45,0.47277805,0.168453,0.016845299303531645
18,42_Triethylamine                                                                                                               ,0.61,0.5516963,0.16499281,0.01649928092956543
19,"45_Pentane, 2,2,4-trimethyl-                                                                                                   ",0.46,0.49972057,0.16071352,0.01607135236263275
20,"54_Heptanal, 2-methyl-                                                                                                         ",0.46,0.48746857,0.16134353,0.01613435298204422
21,58_cis-1-Ethoxy-1-butene                                                                                                       ,0.52,0.49099186,0.16178127,0.016178126633167266
22,"61_2-Butanol, 3,3-dimethyl-4-dimethylamino-2-phenyl-                                                                           ",0.5,0.4915421,0.16066286,0.016066285967826843
23,70_Trimethylene oxide                                                                                                          ,0.44,0.46463436,0.16431636,0.016431635618209837
24,"74_1,4-Dioxane                                                                                                                 ",0.46,0.4884227,0.15070756,0.015070755779743195
25,"76_Ethane, methoxy-                                                                                                            ",0.6,0.53747034,0.17680211,0.01768021136522293
26,"80_Propionic acid, 2-mercapto-, allyl ester                                                                                    ",0.53,0.5138758,0.16016442,0.016016441583633422
27,"82_2-Cyclopenten-1-one, 3-methyl-                                                                                              ",0.57,0.50458044,0.14608283,0.01460828334093094
28,"83_Ethanamine, N-ethyl-                                                                                                        ",0.47,0.4805747,0.16630307,0.016630306839942932
29,"86_Silanediol, dimethyl-                                                                                                       ",0.5,0.49881443,0.17930277,0.017930276691913605
30,"88_Sulfurous acid, dimethyl ester                                                                                              ",0.6,0.5280164,0.18564785,0.018564784526824953
31,"94_Cyclopentanemethanol, 3-methylene-                                                                                          ",0.42,0.47023544,0.17362578,0.017362578213214873
32,"100_Formic acid, butyl ester                                                                                                   ",0.5,0.49347493,0.18290722,0.018290722370147706
33,"101_1,3-Propanediol                                                                                                            ",0.65,0.5640759,0.16384181,0.016384181380271912
34,"104_Ethane, 1,1-diethoxy-                                                                                                      ",0.47,0.48682368,0.15576124,0.01557612419128418
35,"107_Formic acid, 5-methylhex-2-yl ester                                                                                        ",0.41,0.4704208,0.15770367,0.01577036678791046
36,110_2-Heptene                                                                                                                  ,0.38,0.45289898,0.15582952,0.0155829519033432
37,"117_Propane, 3,3-dichloro-1,1,1,2,2-pentafluoro-                                                                               ",0.41,0.48738796,0.15991995,0.015991994738578798
38,"119_2-Pentanol, 2-methyl-                                                                                                      ",0.45,0.47560138,0.17356491,0.017356491088867186
39,"120_Oxirane, 2-(1,1-dimethylethyl)-3-methyl-                                                                                   ",0.47,0.48471013,0.18017404,0.018017403781414032
40,"126_2,4-Pentadienenitrile                                                                                                      ",0.77,0.6256107,0.19141467,0.019141466915607454
41,"130_3-Oxa-bicyclo[3.2.0]hept-6-ene-2,4-dione                                                                                   ",0.57,0.51877093,0.16987883,0.016987882554531097
42,"131_2-Butenal, 2-methyl-, (E)-                                                                                                 ",0.62,0.5430472,0.16387019,0.01638701856136322
43,132_Pyridine                                                                                                                   ,0.6,0.54411596,0.15924962,0.015924961864948274
44,"133_Formic acid, 2-methylbutyl ester                                                                                           ",0.67,0.5603919,0.16283424,0.016283424198627473
45,"135_Disulfide, dimethyl                                                                                                        ",0.49,0.50225383,0.18084118,0.01808411777019501
46,"137_2-Butenal, 2-methyl-                                                                                                       ",0.73,0.5884398,0.15551473,0.015551473200321197
47,"147_Methanamine, N,N-difluoro-                                                                                                 ",0.58,0.5193223,0.17291687,0.017291687428951263
48,148_Propanoic acid                                                                                                             ,0.46,0.48803782,0.18516862,0.01851686239242554
49,155_Tetraethylammonium chloride                                                                                                ,0.52,0.4926575,0.18150212,0.01815021187067032
50,"160_Butanoic acid, 2-amino-4-(methylsulfinyl)-, (.+/-.)-                                                                       ",0.54,0.5181242,0.14200313,0.0142003133893013
51,"162_3-Hexene, 2,2-dimethyl-, (Z)-                                                                                              ",0.53,0.50924444,0.19207694,0.01920769363641739
52,172_Toluene                                                                                                                    ,0.43,0.46447277,0.17353629,0.01735362857580185
53,174_1-Methyl-1-ethoxycyclobutane                                                                                               ,0.56,0.51899636,0.15898721,0.01589872092008591
54,"176_Boron, trihydro(pyridine)-, (T-4)-                                                                                         ",0.48,0.48697168,0.17176439,0.017176438868045808
55,"180_1-Penten-3-one, 2-methyl-                                                                                                  ",0.51,0.4846944,0.17007464,0.017007464170455934
56,"182_2,2,4,4-Tetramethyloctane                                                                                                  ",0.43,0.47440475,0.183627,0.018362699449062346
57,"186_Butane, 2-cyclopropyl-                                                                                                     ",0.46,0.4905687,0.16170801,0.016170801222324373
58,"194_D-Erythro-Tetrofuranose-3-ulose, 4-C-cyclopropyl-1,2-O-isopropylidene-, .alpha.-                                           ",0.44,0.49206492,0.15203331,0.015203331410884858
59,"203_1,3-Dioxolane, 2-ethyl-4-methyl-                                                                                           ",0.44,0.47304904,0.1631216,0.016312159597873688
60,214_Cyclopentanone                                                                                                             ,0.48,0.50810385,0.1793183,0.017931829392910003
61,"216_Propane, 1,3-dimethoxy-                                                                                                    ",0.51,0.51050997,0.18597792,0.018597792088985442
62,"217_1,3-Diisopropoxy-1,3-dimethyl-1,3-disilacyclobutane                                                                        ",0.49,0.50940645,0.16356945,0.016356945037841797
63,223_4-Ethylbenzamide                                                                                                           ,0.44,0.47374108,0.17392285,0.01739228516817093
64,"224_2-Methoxy-1,3-dioxolane                                                                                                    ",0.49,0.48242056,0.18302189,0.018302188813686372
65,"226_4-Hexen-3-one, 4-methyl-                                                                                                   ",0.64,0.5614847,0.18008758,0.018008758127689362
66,"227_Pipecolic acid, N-propoxycarbonyl-, dodecyl ester                                                                          ",0.59,0.5301098,0.1798326,0.01798325926065445
67,"228_Cyclopentane, 1,2,4-trimethyl-, (1.alpha.,2.beta.,4.alpha.)-                                                               ",0.54,0.51807696,0.18866697,0.0188666969537735
68,"230_3-Penten-2-one, 4-methyl-                                                                                                  ",0.57,0.50679785,0.18981951,0.018981951475143432
69,"232_Isovaleric acid, 3-methylbutyl-2 ester                                                                                     ",0.45,0.47670305,0.15219016,0.015219016373157502
70,"234_Hexane, 2,2,4-trimethyl-                                                                                                   ",0.4,0.45404586,0.16626221,0.01662622094154358
71,235_3-Nonen-5-one                                                                                                              ,0.55,0.49923238,0.17695156,0.01769515573978424
72,236_Hexanal                                                                                                                    ,0.52,0.4961306,0.17266819,0.017266818881034852
73,"237_Ethanol, 2-propoxy-                                                                                                        ",0.46,0.4639221,0.17055698,0.017055697739124298
74,238_2-Methyl-4-methoxy-1-butanol                                                                                               ,0.56,0.5143053,0.17026512,0.017026512324810027
75,"239_1-Butene, 2,3,3-trimethyl-                                                                                                 ",0.48,0.4832815,0.18491504,0.018491503596305848
76,240_Tetrachloroethylene                                                                                                        ,0.46,0.49470764,0.17029852,0.01702985167503357
77,249_Butanoic acid                                                                                                              ,0.39,0.47855285,0.13984859,0.013984858989715576
78,"256_Propanoic acid, propyl ester                                                                                               ",0.49,0.5056742,0.14560832,0.01456083208322525
79,"259_Heptane, 3,4,5-trimethyl-                                                                                                  ",0.54,0.5027923,0.14445749,0.014445748925209046
80,"262_1,5-Dimethyl-6-oxa-bicyclo[3.1.0]hexane                                                                                    ",0.58,0.53188777,0.18093629,0.01809362918138504
81,"266_Acetic acid, butyl ester                                                                                                   ",0.42,0.47346768,0.1709477,0.017094770073890687
82,"268_Cyclotrisiloxane, hexamethyl-                                                                                              ",0.6,0.5334686,0.16886401,0.016886401176452636
83,"272_Butanoic acid, 2-oxo-, methyl ester                                                                                        ",0.45,0.48411387,0.18636772,0.01863677203655243
84,"273_1-Butyne, 3-chloro-                                                                                                        ",0.57,0.5116891,0.16595429,0.01659542918205261
85,"274_Hexane, 3,3-dimethyl-                                                                                                      ",0.48,0.49821347,0.16339979,0.01633997857570648
86,283_3-Furaldehyde                                                                                                              ,0.53,0.51151913,0.16836104,0.016836103796958924
87,288_4-Hexen-3-one                                                                                                              ,0.48,0.48280686,0.16500075,0.016500075161457062
88,291_Tetrafluoromethane                                                                                                         ,0.48,0.50400263,0.17565511,0.017565511167049408
89,"296_.beta.-D-Glucopyranose, 1,6-anhydro-                                                                                       ",0.45,0.47534665,0.18744181,0.018744181096553802
90,"301_Benzene, chloro-                                                                                                           ",0.51,0.5026148,0.16740614,0.01674061417579651
91,316_2-Ethyl-5-propylcyclopentanone                                                                                             ,0.52,0.5099161,0.15340026,0.015340025722980499
92,317_Ethylbenzene                                                                                                               ,0.49,0.5122567,0.17829913,0.017829912900924682
93,321_4-Hydroxy-3-hexanone                                                                                                       ,0.52,0.5172354,0.1519049,0.015190489590168
94,"325_2,6-Octadiene-4,5-diol                                                                                                     ",0.37,0.47366002,0.1539606,0.015396060049533844
95,"329_Succinic acid, but-3-yn-2-yl tetrahydrofurfuryl ester                                                                      ",0.49,0.49922857,0.17218809,0.017218808829784393
96,332_N-(2-Methoxyethyl)-tert-butylamine                                                                                         ,0.43,0.48399597,0.18235122,0.018235121667385102
97,"335_2-Ethylthiolane, S,S-dioxide                                                                                               ",0.47,0.49121165,0.16863687,0.016863687336444853
98,336_1-Methylcyclopropanemethanol                                                                                               ,0.46,0.47489634,0.1555075,0.015550750494003295
99,337_2-Methoxythiophene                                                                                                         ,0.46,0.4656687,0.17653373,0.017653372883796693
100,338_1-Methoxycyclohexane                                                                                                       ,0.52,0.49460748,0.15137562,0.015137562155723571
101,"339_2H-Imidazole-2-thione, 1,3-dihydro-1-methyl-                                                                               ",0.44,0.49187157,0.1709205,0.01709205061197281
102,"340_Acetaldehyde, butylhydrazone                                                                                               ",0.5,0.5060906,0.17591214,0.017591214179992674
103,"344_3-Cyclobutene-1,2-dione, 3-phenyl-                                                                                         ",0.5,0.48106995,0.16662653,0.016662652790546417
104,"350_Trisiloxane, octamethyl-                                                                                                   ",0.43,0.47635964,0.15264605,0.01526460498571396
105,353_3-Ethyl-2-nonanone                                                                                                         ,0.39,0.47973678,0.16107246,0.01610724627971649
106,"358_Ethanone, 1-(1-cyclohexen-1-yl)-                                                                                           ",0.44,0.47724003,0.17031519,0.01703151911497116
107,"360_3,5-Octanedione, 2,2,4,7-tetramethyl-                                                                                      ",0.56,0.51544863,0.17198962,0.01719896197319031
108,"361_1,2-Propanediol diformate                                                                                                  ",0.49,0.48555794,0.17376219,0.017376218736171723
109,362_Hypoglycin                                                                                                                 ,0.41,0.46230116,0.15876573,0.015876573324203492
110,363_Cyclohexylmethylsilane                                                                                                     ,0.46,0.48350444,0.1569188,0.015691879391670226
111,364_3-Heptanone                                                                                                                ,0.46,0.5065589,0.15451343,0.015451343357563018
112,370_o-Xylene                                                                                                                   ,0.43,0.48992705,0.1753384,0.017533840239048006
113,"378_2,2,3-Triethyloxirane                                                                                                      ",0.58,0.53275627,0.16827294,0.016827294230461122
114,"383_3,3-Dichloropropyne                                                                                                        ",0.52,0.51988876,0.16494302,0.016494302451610564
115,385_n-Heptyl acrylate                                                                                                          ,0.35,0.44174844,0.15672542,0.01567254215478897
116,"386_Cyclohexa-1,3-diene, 5,6-diethyl-                                                                                          ",0.41,0.4521701,0.14949368,0.014949367940425872
117,"387_2-Propenoic acid, butyl ester                                                                                              ",0.42,0.47240698,0.17153765,0.017153765261173248
118,389_3-Heptanol                                                                                                                 ,0.45,0.47960958,0.14554693,0.014554692804813385
119,"392_1-Butyl(dimethyl)silyloxy-2,2-dimethylpropane                                                                              ",0.6,0.5310753,0.1634892,0.01634891927242279
120,"395_Ethanol, 2-butoxy-                                                                                                         ",0.59,0.5319619,0.16723031,0.01672303080558777
121,396_Heptanal                                                                                                                   ,0.49,0.499776,0.16856985,0.016856984794139863
122,"399_2-Hexanol, 5-methyl-                                                                                                       ",0.44,0.46478814,0.16739003,0.016739003360271454
123,"401_2-Propanol, 1-methoxy-2-methyl-                                                                                            ",0.42,0.4721434,0.1600253,0.016002529859542848
124,"411_Propanoic acid, butyl ester                                                                                                ",0.4,0.48567882,0.15460609,0.015460608899593354
125,"422_1-Pentanol, TBDMS derivative                                                                                               ",0.51,0.49082384,0.16628166,0.016628165543079377
126,"425_Benzene, (1-methylethyl)-                                                                                                  ",0.51,0.47940704,0.1655119,0.01655119061470032
127,"431_1-Hexyn-3-ol, 3-methyl-                                                                                                    ",0.41,0.46848407,0.16574629,0.01657462865114212
128,442_2-Cyclohexen-1-one                                                                                                         ,0.46,0.49034253,0.17630342,0.01763034164905548
129,"449_Cyclohexane, 1,3-dimethyl-                                                                                                 ",0.46,0.49479488,0.15980247,0.015980246663093566
130,"451_2-Heptanone, 4-methyl-                                                                                                     ",0.4,0.46867698,0.15238859,0.015238858759403229
131,462_(-)-trans-Pinane                                                                                                           ,0.41,0.460324,0.16710643,0.016710643470287324
132,465_3-Ethyl-4-methylpentan-1-ol                                                                                                ,0.69,0.5623,0.15565363,0.015565362572669984
133,"466_Hexanal, 3,3-dimethyl-                                                                                                     ",0.42,0.4734365,0.16317026,0.0163170263171196
134,"471_Hexanal, 2-ethyl-                                                                                                          ",0.52,0.5101165,0.16706009,0.016706009209156037
135,"473_Benzoic acid, 2-formyl-4,6-dimethoxy-, 8,8-dimethoxyoct-2-yl ester                                                         ",0.47,0.4909602,0.16178286,0.01617828607559204
136,"474_2-Heptenal, (Z)-                                                                                                           ",0.55,0.52747023,0.15634906,0.01563490629196167
137,479_3-Ethylcyclopentanone                                                                                                      ,0.41,0.46811882,0.17143139,0.017143139243125917
138,"480_Benzene, 1,1'-(1-methyl-1,2-ethanediyl)bis-                                                                                ",0.39,0.46495384,0.15025128,0.015025128424167634
139,"483_2H-Pyran-3,4,5-triol, tetrahydro-2-methoxy-6-methyl-                                                                       ",0.44,0.48445597,0.16987762,0.016987761855125426
140,"485_Nonane, 4-methyl-                                                                                                          ",0.44,0.46938717,0.1549819,0.015498189628124237
141,"488_Tridecane, 6-methyl-                                                                                                       ",0.42,0.4660778,0.16628818,0.016628818213939668
142,"492_Pentadecane, 6-methyl-                                                                                                     ",0.57,0.5222276,0.15820915,0.015820914506912233
143,"495_Ethanol, 2,2'-oxybis-                                                                                                      ",0.49,0.48757225,0.15677127,0.015677127242088317
144,496_(E)1-Allyl-2-methylcyclohexanol                                                                                            ,0.54,0.5165747,0.18954407,0.018954406678676605
145,"497_4-Octanol, 2-methyl-                                                                                                       ",0.46,0.47651497,0.17014688,0.01701468825340271
146,500_Dibutylsulfamic acid                                                                                                       ,0.43,0.47812927,0.16989318,0.016989317536354066
147,"501_5-Ethyl-2,4-nonandione                                                                                                     ",0.52,0.5075969,0.15873955,0.015873955190181734
148,"502_Oxalic acid, butyl 2-ethylhexyl ester                                                                                      ",0.43,0.46696162,0.16421767,0.016421766579151155
149,503_5-Nonanol                                                                                                                  ,0.53,0.51202387,0.15994471,0.015994471311569215
150,"507_Formic acid, heptyl ester                                                                                                  ",0.44,0.48081905,0.15387109,0.0153871089220047
151,"509_Decane, 3,8-dimethyl-                                                                                                      ",0.45,0.46321374,0.15938835,0.015938834846019746
152,516_1-Decen-3-one                                                                                                              ,0.49,0.47914,0.16251154,0.016251154243946075
153,523_Benzonitrile                                                                                                               ,0.54,0.50062865,0.1532149,0.015321490168571473
154,"524_3-Pentenoic acid, 4-methyl-                                                                                                ",0.44,0.46849507,0.16771802,0.016771802306175233
155,525_1-Octen-3-ol                                                                                                               ,0.42,0.4705801,0.16424978,0.01642497777938843
156,"527_Dodecane, 2,2,11,11-tetramethyl-                                                                                           ",0.45,0.47996777,0.18302222,0.018302221596240998
157,528_Phenol                                                                                                                     ,0.48,0.502758,0.15202817,0.01520281732082367
158,"536_Propanoic acid, 2,2-dimethyl-, cesium salt                                                                                 ",0.47,0.4949855,0.16914971,0.0169149711728096
159,537_Hexanoic acid                                                                                                              ,0.5,0.51357496,0.17091209,0.017091208696365358
160,"538_Cyclotetrasiloxane, octamethyl-                                                                                            ",0.5,0.48326218,0.16013798,0.016013798117637635
161,544_2-Octanone                                                                                                                 ,0.6,0.5164717,0.15980679,0.015980678796768188
162,"546_Benzene, 1,2,3-trimethyl-                                                                                                  ",0.53,0.5040236,0.1823306,0.01823305934667587
163,548_4-Octanol                                                                                                                  ,0.48,0.49322903,0.16688259,0.016688258945941926
164,"551_2-Methyl-1,6-dioxaspiro[4.4]nonane                                                                                         ",0.53,0.5026713,0.15287799,0.015287798643112183
165,565_Propanenitrile                                                                                                             ,0.5,0.5027372,0.16236086,0.016236086189746857
166,567_Decane                                                                                                                     ,0.46,0.49895895,0.15935491,0.015935491025447845
167,569_Octanal                                                                                                                    ,0.45,0.49334803,0.16987294,0.01698729395866394
168,"571_Ethanol, 2-(2-ethoxyethoxy)-                                                                                               ",0.46,0.49718678,0.15497786,0.015497785806655884
169,"574_2-Octanol, (S)-                                                                                                            ",0.46,0.4808404,0.16784537,0.016784536838531493
170,"575_Cyclopentene, 1,4-dimethyl-5-(1-methylethyl)-                                                                              ",0.49,0.4918964,0.17604269,0.017604269087314606
171,"582_Butane, 1,1'-[oxybis(2,1-ethanediyloxy)]bis-                                                                               ",0.41,0.47008178,0.15052773,0.01505277305841446
172,"586_Benzene, 1,2,4-trimethyl-                                                                                                  ",0.42,0.4794656,0.15654524,0.01565452367067337
173,"588_Propanenitrile, 2,2'-azobis[2-methyl-                                                                                      ",0.52,0.50535595,0.16089985,0.01608998477458954
174,"590_2-Propanol, 1-(2-ethoxypropoxy)-                                                                                           ",0.42,0.46448335,0.17634751,0.017634750902652742
175,"591_Silane, triethylfluoro-                                                                                                    ",0.47,0.47802663,0.17117499,0.01711749881505966
176,592_Tetramethylbutanedinitrile                                                                                                 ,0.49,0.51760703,0.1823347,0.018233470618724823
177,"596_Octane, 3,3-dimethyl-                                                                                                      ",0.52,0.5086807,0.18723959,0.018723958730697633
178,605_D-Limonene                                                                                                                 ,0.5,0.4881101,0.15918119,0.015918119251728056
179,"607_Cyclohexene, 4-methyl-1-(1-methylethyl)-                                                                                   ",0.42,0.48117,0.15916461,0.015916460752487184
180,608_2-Propyl-1-pentanol                                                                                                        ,0.5,0.4969826,0.163921,0.01639209985733032
181,"614_Butanedioic acid, dimethyl ester                                                                                           ",0.68,0.55941814,0.1555141,0.015551410615444183
182,619_1-(1'-pyrrolidinyl)-2-butanone                                                                                             ,0.49,0.49033773,0.16559842,0.016559842228889465
183,"620_1,3,2-Dioxaborolane, 2,4-diethyl-                                                                                          ",0.5,0.5078288,0.15389587,0.015389586985111236
184,621_Benzyl alcohol                                                                                                             ,0.41,0.46563566,0.1660911,0.016609109938144684
185,"623_3-Benzofurancarboxaldehyde, 2,3-dihydro-3-methyl-                                                                          ",0.56,0.5167985,0.15657273,0.015657272934913636
186,"624_Cyclopropanecarboxylic acid,4-methylpentyl ester                                                                           ",0.45,0.48369882,0.171049,0.017104899883270262
187,"626_3,5-Octadien-2-ol                                                                                                          ",0.42,0.45930645,0.15558293,0.015558293461799622
188,627_3-Ethyl-3-heptanol                                                                                                         ,0.55,0.5219231,0.16201383,0.016201382875442503
189,"629_Benzaldehyde, 2-hydroxy-                                                                                                   ",0.51,0.5013732,0.16637754,0.016637754440307618
190,"635_2,4,6-Cycloheptatrien-1-one, 4-methyl-                                                                                     ",0.49,0.48609447,0.1548384,0.015483839809894562
191,"636_2-Propenoic acid, 2-methyl-, 2-hydroxypropyl ester                                                                         ",0.45,0.50101125,0.16584498,0.016584497690200806
192,"637_4,4'-Bi-1,3,2-dioxaborolane, 2,2'-diethyl-                                                                                 ",0.48,0.4953587,0.1627191,0.016271910071372984
193,"640_1-Hexanol, 3,5,5-trimethyl-                                                                                                ",0.46,0.48263758,0.14407074,0.014407074451446534
194,"645_Nonane, 5-methyl-5-propyl-                                                                                                 ",0.58,0.5294458,0.16431208,0.016431207954883575
195,"648_Succinic acid, tridec-2-yn-1-yl 3-methylbut-3-en-1-yl ester                                                                ",0.42,0.46551055,0.15557593,0.015557593107223511
196,"649_2(3H)-Furanone, 5-ethyldihydro-                                                                                            ",0.45,0.5023566,0.15677302,0.015677301585674285
197,"650_1,2,4,5-Tetrazine, 1,4-dibutylhexahydro-                                                                                   ",0.5,0.48470935,0.16892089,0.016892088949680327
198,"654_Pentanal, 5-[(tetrahydro-2H-pyran-2-yl)oxy]-                                                                               ",0.42,0.45281777,0.15868829,0.01586882919073105
199,"656_2-Octenal, (E)-                                                                                                            ",0.46,0.49236882,0.16515818,0.016515818238258363
200,"663_2,5-Hexanediol, 2,5-dimethyl-                                                                                              ",0.52,0.51377845,0.16533507,0.016533507406711577
201,668_Phenylglyoxal                                                                                                              ,0.53,0.5238039,0.174874,0.01748739928007126
202,"670_Aniline, N-methyl-                                                                                                         ",0.53,0.49692047,0.16854699,0.016854698956012725
203,672_Acetophenone                                                                                                               ,0.52,0.498402,0.17784776,0.0177847757935524
204,675_Cyclooctyl alcohol                                                                                                         ,0.6,0.53422177,0.1547674,0.015476739406585694
205,"677_Decane, 3-methyl-                                                                                                          ",0.49,0.4930484,0.1714172,0.01714172065258026
206,"681_7-Octen-2-ol, 2,6-dimethyl-                                                                                                ",0.41,0.45448264,0.1642428,0.016424280405044556
207,"683_Formic acid, octyl ester                                                                                                   ",0.53,0.4972834,0.17753157,0.017753157019615173
208,684_Decyl octyl ether                                                                                                          ,0.49,0.49305436,0.17490704,0.017490704357624055
209,"688_Terephthalic acid, 2-methoxyethyl propyl ester                                                                             ",0.44,0.49543968,0.17930004,0.017930004000663757
210,"689_Arsenous acid, tris(trimethylsilyl) ester                                                                                  ",0.49,0.5019503,0.16690415,0.016690415143966675
211,"693_Hexane, 2,5-dimethoxy-2,5-dimethyl-                                                                                        ",0.51,0.5064757,0.17260177,0.017260177433490752
212,"696_Silicic acid, diethyl bis(trimethylsilyl) ester                                                                            ",0.51,0.49468815,0.1870737,0.018707369267940522
213,"697_Benzene, 2-ethyl-1,4-dimethyl-                                                                                             ",0.54,0.51752084,0.16483685,0.016483685374259947
214,"698_1,6-Dioxaspiro[4.4]nonane, 2-ethyl-                                                                                        ",0.41,0.4690376,0.14661105,0.01466110497713089
215,701_(+)-4-Carene                                                                                                               ,0.56,0.51473767,0.1697768,0.01697767972946167
216,703_Lethane                                                                                                                    ,0.47,0.49506116,0.16866237,0.016866236925125122
217,706_2-Butoxyethyl acetate                                                                                                      ,0.51,0.5023397,0.16023186,0.01602318584918976
218,"709_4-Heptanol, 2,6-dimethyl-                                                                                                  ",0.48,0.48795357,0.15962967,0.015962967276573183
219,711_2-Nonanone                                                                                                                 ,0.47,0.483404,0.1545533,0.015455329418182373
220,"714_Benzoic acid, methyl ester                                                                                                 ",0.51,0.5171545,0.15793663,0.015793663263320924
221,"717_1-Hexadecen-3-ol, 3,5,11,15-tetramethyl-                                                                                   ",0.48,0.5011679,0.14378728,0.014378727972507476
222,"719_Heptanal, 7,7-dimethoxy-                                                                                                   ",0.44,0.49234113,0.16484658,0.016484658420085906
223,720_Linalool                                                                                                                   ,0.57,0.5158281,0.16653289,0.016653288900852204
224,"728_2-Cyclohexen-1-one, 3,6-dimethyl-6-(1-methylethyl)-                                                                        ",0.47,0.47955364,0.16934344,0.016934344172477724
225,732_Nonanal                                                                                                                    ,0.53,0.49474385,0.15955295,0.01595529466867447
226,"741_Decane, 2,5-dimethyl-                                                                                                      ",0.52,0.49955836,0.16806914,0.016806913912296294
227,"743_Benzene, 1,3-dichloro-2-methyl-                                                                                            ",0.45,0.48440167,0.15994574,0.01599457412958145
228,749_Isophorone                                                                                                                 ,0.48,0.49612942,0.17234592,0.017234592139720915
229,"752_Hexanoic acid, 2-ethyl-                                                                                                    ",0.67,0.56102467,0.18037018,0.018037018179893494
230,"755_Undecane, 3,8-dimethyl-                                                                                                    ",0.57,0.5156433,0.15793057,0.015793056786060335
231,"771_1H-Indene, 2,3-dihydro-5-methyl-                                                                                           ",0.64,0.5269535,0.1627767,0.016277669370174407
232,"777_Cyclopentasiloxane, decamethyl-                                                                                            ",0.57,0.5318385,0.1597105,0.015971049666404724
233,"781_trans-1,2-Dimethylsilacyclohexane                                                                                          ",0.52,0.5030531,0.17875144,0.01787514388561249
234,"782_2,6-Dihydroxyacetophenone, 2TMS derivative                                                                                 ",0.47,0.49801257,0.15702343,0.015702342987060545
235,"783_Cyclohexanol, 1-butyl-                                                                                                     ",0.48,0.49155235,0.15485822,0.015485821664333344
236,"784_1,1,3,3,5,5,7,7-Octamethyl-7-(2-methylpropoxy)tetrasiloxan-1-ol                                                            ",0.53,0.5289723,0.19080828,0.019080828130245208
237,"787_Acetamide, 2-(3-cyano-4-methoxymethyl-6-methylpyridin-2-ylsulfanyl)-N-(3-trifluoromethylphenyl)-                           ",0.54,0.5205027,0.16174486,0.01617448627948761
238,"793_Hexadecanal, 2-methyl-                                                                                                     ",0.47,0.50442046,0.16789599,0.016789598762989043
239,794_(R)-(+)-1-Phenyl-1-propanol                                                                                                ,0.48,0.5029295,0.17572339,0.017572338879108428
240,"795_2(3H)-Furanone, dihydro-5-propyl-                                                                                          ",0.36,0.47378066,0.16070688,0.016070687770843507
241,"799_2(3H)-Furanone, 5-heptyldihydro-                                                                                           ",0.48,0.49200943,0.13692242,0.013692241907119752
242,"802_Silane, cyclohexyldimethoxymethyl-                                                                                         ",0.47,0.4895238,0.1757248,0.01757248044013977
243,"804_2,6-Dimethyldecane                                                                                                         ",0.47,0.49958923,0.1669722,0.016697220504283905
244,"807_Benzene, (2-methylbutyl)-                                                                                                  ",0.43,0.47400638,0.18028611,0.018028610944747926
245,"808_2,4,4,6-Tetramethyl-6-phenylheptane                                                                                        ",0.42,0.47549942,0.17872371,0.017872370779514313
246,"813_2-Nonenal, (E)-                                                                                                            ",0.49,0.47343898,0.15955503,0.015955503284931182
247,"815_Acetic acid, phenylmethyl ester                                                                                            ",0.36,0.46075422,0.16927695,0.016927695274353026
248,820_Benzoic acid                                                                                                               ,0.49,0.4767912,0.16441326,0.016441325843334197
249,"827_p-Acetophenetidide, N-methyl-                                                                                              ",0.51,0.52244836,0.17972752,0.017972752451896667
250,"828_Phenol, 2,4-dimethyl-                                                                                                      ",0.45,0.4794294,0.14928699,0.014928698539733887
251,832_trans-2-Dodecen-1-ol                                                                                                       ,0.57,0.5225665,0.1456286,0.014562860131263733
252,835_1-Nonanol                                                                                                                  ,0.48,0.50392705,0.19291931,0.01929193139076233
253,838_Terpinen-4-ol                                                                                                              ,0.52,0.5056905,0.17095648,0.017095647752285004
254,845_3-Decanone                                                                                                                 ,0.57,0.5270614,0.16934435,0.016934435069561004
255,"846_Ethanol, 1-(2-butoxyethoxy)-                                                                                               ",0.6,0.5435623,0.16782267,0.01678226739168167
256,"848_Benzenemethanol, .alpha.-methyl-, acetate                                                                                  ",0.54,0.5110823,0.16156451,0.016156451404094697
257,858_2-Decanone                                                                                                                 ,0.41,0.4587902,0.15992433,0.015992432832717896
258,"863_1-Buten-3-one, 1-(2-carboxy-4,4-dimethylcyclobutenyl)-                                                                     ",0.51,0.50411505,0.1690819,0.01690818965435028
259,875_4-n-Propylbenzoic acid                                                                                                     ,0.73,0.62755376,0.18609883,0.018609882891178132
260,"888_Benzaldehyde, 2,4-dimethyl-                                                                                                ",0.46,0.47954002,0.17075223,0.017075222730636597
261,889_Dodecyl nonyl ether                                                                                                        ,0.44,0.47894356,0.16824052,0.01682405173778534
262,"894_2,4-Nonadienal, (E,E)-                                                                                                     ",0.47,0.48599324,0.16996217,0.016996216773986817
263,"897_2,3,4,6-Tetrahydroisoquinolin-6-one, 1-[4-hydroxybenzyl]-7-methoxy-                                                        ",0.39,0.47142875,0.16588075,0.016588075459003447
264,900_Benzothiazole                                                                                                              ,0.5,0.49646378,0.16308811,0.01630881130695343
265,"907_2-Propenoic acid, 6-methylheptyl ester                                                                                     ",0.43,0.47667664,0.15082313,0.015082313120365143
266,910_2-Ethylhexyl acrylate                                                                                                      ,0.53,0.4999451,0.15505698,0.015505698323249818
267,"912_Cyclohexane, isothiocyanato-                                                                                               ",0.49,0.4789705,0.16415048,0.016415047645568847
268,"914_Pentasiloxane, dodecamethyl-                                                                                               ",0.55,0.5173111,0.16013426,0.01601342558860779
269,"944_Benzene, 1,3-bis(1,1-dimethylethyl)-                                                                                       ",0.47,0.48669565,0.16381164,0.016381163895130158
270,947_Geraniol                                                                                                                   ,0.48,0.49448475,0.15890336,0.015890336036682128
271,"948_2,6,10-Trimethyltridecane                                                                                                  ",0.53,0.5065698,0.16794758,0.016794757544994356
272,"949_Heptadecane, 2,6,10,15-tetramethyl-                                                                                        ",0.57,0.49902892,0.16142018,0.016142018139362335
273,"950_Acetic acid, chloro-, 2-phenylethyl ester                                                                                  ",0.51,0.4821858,0.16832578,0.01683257818222046
274,"952_Sulfurous acid, 2-ethylhexyl undecyl ester                                                                                 ",0.46,0.4741451,0.18818165,0.018818165361881255
275,"958_1H-Indene, 2,3-dihydro-1,1-dimethyl-                                                                                       ",0.45,0.49060163,0.16661762,0.016661761701107024
276,"967_2-Decenal, (E)-                                                                                                            ",0.5,0.4966955,0.14516884,0.014516884088516235
277,"976_Benzoic acid, 2-hydroxy-, ethyl ester                                                                                      ",0.49,0.5120993,0.17058437,0.017058436572551728
278,977_Nonanoic acid                                                                                                              ,0.53,0.4841078,0.18438391,0.018438391387462616
279,"983_Benzaldehyde, 4-propyl-                                                                                                    ",0.42,0.4810092,0.16090666,0.016090665757656098
280,984_1-Decanol                                                                                                                  ,0.49,0.4981361,0.17706719,0.017706719040870667
281,"990_3,4-Dimethylcumene                                                                                                         ",0.53,0.4914861,0.15307653,0.015307652950286865
282,"1002_3-Picoline, 5-(tert-butylthio)-                                                                                           ",0.49,0.5004395,0.1497922,0.014979219436645508
283,"1011_Naphthalene, 1,2,3,4-tetrahydro-1,8-dimethyl-                                                                             ",0.53,0.5044315,0.16214645,0.016214644908905028
284,"1012_Phenol, 2-methyl-5-(1-methylethyl)-                                                                                       ",0.45,0.4835909,0.16530085,0.01653008460998535
285,"1014_1H-Pyrazole, 3-ethyl-4,5-dihydro-1,4-dimethyl-                                                                            ",0.43,0.46187288,0.18138456,0.01813845634460449
286,"1016_Benzothiazole, 2-methyl-                                                                                                  ",0.45,0.49844024,0.14979492,0.014979492127895355
287,"1017_Naphthalene, 1-methyl-                                                                                                    ",0.52,0.53417224,0.17121649,0.017121648788452147
288,1018_2-Undecanone                                                                                                              ,0.51,0.52243453,0.16345406,0.016345405578613283
289,"1022_2-Cyclohexen-1-one, 4-butyl-3-methoxy-                                                                                    ",0.47,0.4817692,0.17667791,0.017667791247367857
290,"1032_Carbonic acid, tetradecyl vinyl ester                                                                                     ",0.4,0.47589412,0.15782787,0.015782786905765532
291,"1033_Cyclohexasiloxane, dodecamethyl-                                                                                          ",0.42,0.4753848,0.17803994,0.017803993821144105
292,"1034_.beta.-Hydroxypyruvic acid, trimethylsilyl ether, trimethylsilyl ester                                                    ",0.4,0.4843927,0.16263485,0.016263484954833984
293,"1042_Ethanone, 1-[4-(1-methylethyl)phenyl]-                                                                                    ",0.55,0.4986982,0.16491638,0.016491638123989107
294,"1044_Ethanone, 1-(2,4,5-trimethylphenyl)-                                                                                      ",0.47,0.48832595,0.15545712,0.015545712411403656
295,1046_2-Bromo dodecane                                                                                                          ,0.44,0.48267215,0.16552009,0.01655200868844986
296,1047_3-tert-Butyl-2-pyrazolin-5-one                                                                                            ,0.38,0.46451005,0.14567885,0.014567884802818298
297,"1052_1,3-Cyclohexadiene-1-carboxaldehyde, 2,6,6-trimethyl-                                                                     ",0.52,0.5150587,0.15973727,0.015973727405071258
298,"1060_Cyclohexanol, 4-(1,1-dimethylethyl)-, acetate, cis-                                                                       ",0.42,0.47790065,0.17149521,0.01714952141046524
299,"1061_Benzene, 3-cyclohexen-1-yl-                                                                                               ",0.49,0.5016358,0.18317708,0.018317708373069765
300,"1064_(-)-1,2,2.alpha.,3,3,4,6,7,8,8.alpha.-decahydro-2.alpha.,7,8-trimethylacenaphthylene                                      ",0.49,0.4893684,0.15528345,0.015528345108032226
301,"1066_Hexanamide, N-methallyl-                                                                                                  ",0.5,0.48596427,0.17036255,0.017036254703998565
302,1067_Cedrene-V6                                                                                                                ,0.56,0.50591487,0.17743558,0.017743557691574097
303,"1071_2,4,4-Trimethyl-3-(3-methylbutyl)cyclohex-2-enone                                                                         ",0.48,0.48936465,0.17439263,0.017439262568950654
304,"1074_Benzene, 1-(1,1-dimethylethyl)-3-ethyl-                                                                                   ",0.36,0.4659454,0.14576665,0.014576664566993714
305,"1077_Sulfurous acid, cyclohexylmethyl heptadecyl ester                                                                         ",0.44,0.4845751,0.16332255,0.016332255303859712
306,"1080_Tricyclo[5.4.0.0(2,8)]undec-9-ene, 2,6,6,9-tetramethyl-, (1R,2S,7R,8R)-                                                   ",0.44,0.4742979,0.14526711,0.014526711404323578
307,"1083_2,7-Imino-3,6-methanonaphthalene, decahydro-                                                                              ",0.57,0.5066141,0.17883958,0.01788395792245865
308,"1084_(1R,3aS,4aS,8aS)-1,4,4,6-Tetramethyl-1,2,3,3a,4,4a,7,8-octahydrocyclopenta[1,4]cyclobuta[1,2]benzene                      ",0.46,0.4830492,0.15169412,0.015169411897659302
309,"1090_Phenol, 2-(1,1-dimethylethyl)-6-methyl-                                                                                   ",0.49,0.49223018,0.179532,0.01795320063829422
310,"1094_Heptacosane, 1-chloro-                                                                                                    ",0.47,0.49009055,0.15871906,0.01587190628051758
311,1099_2-Undecenal                                                                                                               ,0.45,0.4867964,0.16424301,0.016424301266670226
312,"1100_Ethanone, 1-[4-(1-methylethenyl)phenyl]-                                                                                  ",0.45,0.47738433,0.1631654,0.01631654053926468
313,1102_N-(tert-Butyldimethylsilyl)-9-ethyl-9H-carbazol-3-amine                                                                   ,0.5,0.49866933,0.17662007,0.017662006616592407
314,"1103_Ethanone, 1-(2,3-dihydro-1H-inden-5-yl)-                                                                                  ",0.49,0.48905513,0.16131827,0.016131827235221864
315,1106_o-tert-Butyl cyclohexyl acetate 1                                                                                         ,0.5,0.4933965,0.15974683,0.015974682569503785
316,1111_Butyl benzoate                                                                                                            ,0.48,0.48382872,0.17335366,0.01733536571264267
317,"1112_Acetic acid, trifluoro-, undecyl ester                                                                                    ",0.41,0.47490445,0.16121277,0.01612127721309662
318,1119_Longifolene-(V4)                                                                                                          ,0.46,0.48459882,0.16716447,0.016716447472572327
319,"1125_2,4,4,6,6,8,8-Heptamethyl-1-nonene                                                                                        ",0.45,0.4938085,0.18342753,0.018342752754688264
320,"1130_2-Butanone, 1-(1,3-benzodioxol-5-yl)-                                                                                     ",0.5,0.49900407,0.15519014,0.01551901400089264
321,1133_2-Dodecanone                                                                                                              ,0.43,0.4830704,0.16806924,0.016806924343109132
322,"1135_Hexasiloxane, tetradecamethyl-                                                                                            ",0.47,0.47953928,0.1648428,0.016484279930591584
323,"1138_Bicyclo[4.4.0]dec-1-ene, 2-isopropyl-5-methyl-9-methylene-                                                                ",0.56,0.51747304,0.17806828,0.017806828022003174
324,1141_Diphenyl ether                                                                                                            ,0.49,0.49675155,0.16512847,0.016512846946716307
325,"1145_2,3-Dihydro-1H-cyclopenta[b]quinoxaline                                                                                   ",0.39,0.46407127,0.17132644,0.01713264435529709
326,"1150_1H-3a,7-Methanoazulene, octahydro-1,4,9,9-tetramethyl-, (1.alpha.,3a.alpha.,4.beta.,7.alpha.,8a.beta.)-                   ",0.51,0.5010296,0.15200652,0.015200652182102203
327,"1151_1H-Cycloprop[e]azulene, decahydro-1,1,4,7-tetramethyl-                                                                    ",0.45,0.47524634,0.17059237,0.017059236764907837
328,"1157_2,4,8-Trimethyl-1,2,3,4-tetrahydroquinoline                                                                               ",0.52,0.52828765,0.1739653,0.017396530508995055
329,"1159_5-Azulenemethanol, 1,2,3,4,5,6,7,8-octahydro-.alpha.,.alpha.,3,8-tetramethyl-, acetate, [3S-(3.alpha.,5.alpha.,8.alpha.)]-",0.44,0.48280543,0.15198866,0.01519886553287506
330,"1162_3-Furancarboxylic acid, 2,5-dimethyl-, methyl ester                                                                       ",0.48,0.49700576,0.15371102,0.015371102094650268
331,"1163_10,10-Dimethyl-4-acetyl-tricyclo[5.2.1.0(1,5)]decane                                                                      ",0.56,0.51443976,0.18231265,0.018231265246868134
332,"1167_(3S,4aR,8aS)-1,1,3,6-Tetramethyl-3-vinyl-3,4,4a,7,8,8a-hexahydro-1H-isochromene                                           ",0.41,0.45682034,0.16135406,0.016135406494140626
333,1172_2-Cyanoquinoxaline                                                                                                        ,0.45,0.484384,0.16789077,0.016789077222347258
334,"1173_Spiro[5.5]undec-2-ene, 3,7,7-trimethyl-11-methylene-, (-)-                                                                ",0.53,0.49759698,0.14408378,0.014408378303050995
335,"1174_Naphthalene, 1,6-dimethyl-                                                                                                ",0.49,0.5058679,0.1674065,0.016740649938583374
336,"1175_4,7-methano-1H-inden-5-ol, 3a,4,5,6,7,7a-hexahydro-, acetate                                                              ",0.4,0.48034382,0.16244327,0.016244326531887055
337,"1177_2-Isopropenyl-4a,8-dimethyl-1,2,3,4,4a,5,6,8a-octahydronaphthalene                                                        ",0.4,0.47371945,0.16231176,0.016231176257133485
338,1178_Nopyl acetate                                                                                                             ,0.45,0.49801505,0.16249403,0.0162494033575058
339,"1179_Naphthalene, 1,3-dimethyl-                                                                                                ",0.57,0.5236257,0.16618313,0.016618312895298006
340,1184_Isosativene                                                                                                               ,0.41,0.4736544,0.15833625,0.015833625197410585
341,"1185_Ethanone, 1,1'-(1,4-phenylene)bis-                                                                                        ",0.38,0.4531772,0.16496295,0.016496294736862184
342,"1186_1,1,7,7a-Tetramethyl-1a,2,6,7,7a,7b-hexahydro-1H-cyclopropa[a]naphthalene                                                 ",0.47,0.47494504,0.15817444,0.015817444026470184
343,"1187_2-Butanone, 4-(2,6,6-trimethyl-1-cyclohexen-1-yl)-                                                                        ",0.39,0.46035585,0.16967037,0.016967037320137025
344,1189_.gamma.-Neoclovene                                                                                                        ,0.47,0.4877928,0.15812483,0.015812483429908753
345,"1190_Quinoline, 1,2-dihydro-2,2,4-trimethyl-                                                                                   ",0.55,0.52714425,0.15463088,0.01546308845281601
346,"1196_(-)-Neoclovene-(I), dihydro-                                                                                              ",0.41,0.4741778,0.17883417,0.017883417010307313
347,"1197_Quinoline, 2,7-dimethyl-                                                                                                  ",0.51,0.49384257,0.15751082,0.015751081705093383
348,"1198_Phthalic acid, methyl neopentyl ester                                                                                     ",0.41,0.4795959,0.15936065,0.015936064720153808
349,"1200_Benzene, 1-(1,5-dimethylhexyl)-4-methyl-                                                                                  ",0.46,0.49188548,0.16712548,0.016712547838687898
350,1201_Dimethyl phthalate                                                                                                        ,0.48,0.50142455,0.16441348,0.016441348195075988
351,1202_Biphenylene                                                                                                               ,0.49,0.4901306,0.14803295,0.014803294837474824
352,"1206_5,9-Undecadien-2-one, 6,10-dimethyl-, (E)-                                                                                ",0.48,0.50214887,0.16663449,0.01666344851255417
353,"1212_1-Cyclohexene, 1,3,3-trimethyl-2-(1-methylbut-1-en-3-on-1-yl)-                                                            ",0.5,0.49204475,0.16648771,0.01664877086877823
354,1213_(-)-.alpha.-Panasinsen                                                                                                    ,0.45,0.4925547,0.13899128,0.013899128139019012
355,"1217_Silane, trichlorooctadecyl-                                                                                               ",0.53,0.5015811,0.1759742,0.017597420513629912
356,"1220_2,5-cyclohexadien-1-one, 2,6-bis(1,1-dimethylethyl)-4-hydroxy-4-methyl-                                                   ",0.41,0.47258678,0.17151332,0.01715133190155029
357,"1221_1,2-Bis(trimethylsilyl)-4-methylbenzene                                                                                   ",0.43,0.46461612,0.17805827,0.017805826663970948
358,"1223_2,5-Cyclohexadiene-1,4-dione, 2,6-bis(1,1-dimethylethyl)-                                                                 ",0.49,0.50680363,0.17862412,0.017862412333488464
359,"1234_2,5-cyclohexadiene-1,4-dione, 2-(1,1-dimethylethyl)-5-(2-methyl-2-propen-1-yl)-                                           ",0.52,0.50938344,0.16163693,0.016163693368434907
360,"1235_Cycloheptasiloxane, tetradecamethyl-                                                                                      ",0.48,0.47365245,0.1435368,0.014353680610656738
361,"1239_2-Butenedioic acid (Z)-, monododecyl ester                                                                                ",0.45,0.45607436,0.16126134,0.016126133501529694
362,1240_1-Dodecanol                                                                                                               ,0.56,0.5092691,0.1615683,0.01615682989358902
363,"1241_Ethanone, 1-[4-(1-hydroxy-1-methylethyl)phenyl]-                                                                          ",0.58,0.5157005,0.1513787,0.015137870609760285
364,"1242_Butanedioic acid, bis(2-methylpropyl) ester                                                                               ",0.43,0.49008644,0.15474857,0.01547485738992691
365,"1243_Ppropiolic acid, 3-(1-hydroxy-2-isopropyl-5-methylcyclohexyl)-                                                            ",0.52,0.49711815,0.1754668,0.017546680569648743
366,1248_Dodecanenitrile                                                                                                           ,0.51,0.49341357,0.16710652,0.016710652410984038
367,"1250_Octacosane, 1-iodo-                                                                                                       ",0.48,0.47947732,0.1778296,0.017782959342002868
368,1252_n-Pentadecanol                                                                                                            ,0.46,0.47004238,0.16172996,0.016172996163368224
369,1257_Pentadecane                                                                                                               ,0.42,0.4828473,0.1602338,0.01602337956428528
370,1258_Butylated Hydroxytoluene                                                                                                  ,0.6,0.5424549,0.16400169,0.01640016883611679
371,"1263_2,4-Di-tert-butylphenol                                                                                                   ",0.51,0.5003529,0.17763904,0.017763903737068175
372,1268_Bis(pentamethylcyclotrisiloxy)tetramethyldisiloxane                                                                       ,0.44,0.49077037,0.15946852,0.015946851670742036
373,1277_Octadecyl octyl ether                                                                                                     ,0.6,0.5409037,0.17234923,0.01723492294549942
374,"1281_Eicosane, 1-iodo-                                                                                                         ",0.5,0.5019388,0.15940398,0.01594039797782898
375,"1282_Benzoic acid, 4-ethoxy-, ethyl ester                                                                                      ",0.54,0.49478835,0.15864873,0.015864872932434083
376,1283_2-(1-Cyclohexenyl)cyclohexanone                                                                                           ,0.47,0.499074,0.14570683,0.014570683240890503
377,"1286_1-Dodecanol, 2-hexyl-                                                                                                     ",0.43,0.48955154,0.16308114,0.016308113932609558
378,1297_aR-Himachalene                                                                                                            ,0.55,0.5009893,0.17993596,0.017993596196174622
379,"1302_Adipic acid, di(but-2-en-1-yl) ester                                                                                      ",0.47,0.49451077,0.1765074,0.01765073984861374
380,"1305_Hexadecane, 2,6,11,15-tetramethyl-                                                                                        ",0.44,0.48038453,0.16231154,0.016231153905391694
381,"1308_Dotriacontane, 1-iodo-                                                                                                    ",0.54,0.5046401,0.16666438,0.016666437685489654
382,"1312_Heptasiloxane, hexadecamethyl-                                                                                            ",0.43,0.4727624,0.16680211,0.016680210828781128
383,1315_Eicosane                                                                                                                  ,0.49,0.49458802,0.16829936,0.01682993620634079
384,"1319_Pentadecane, 4-methyl-                                                                                                    ",0.51,0.5112021,0.1632693,0.01632692962884903
385,1321_Dodecanoic acid                                                                                                           ,0.46,0.48740602,0.17058189,0.01705818921327591
386,"1324_Hexadecane, 7,9-dimethyl-                                                                                                 ",0.41,0.47215348,0.15450445,0.01545044481754303
387,"1325_1-Adamantanecarboxylic acid, 2-adamantyl ester                                                                            ",0.5,0.5142572,0.14637056,0.014637055993080138
388,1329_2-Methoxycarbonyl-2-methylbrendane                                                                                        ,0.43,0.48606244,0.16202626,0.016202625632286072
389,"1334_Glutaric acid, di(isobutyl) ester                                                                                         ",0.56,0.5141076,0.1652392,0.016523919999599457
390,"1338_4-tert-Butyl-2,6-diisopropylphenol                                                                                        ",0.44,0.4876558,0.15175542,0.015175542235374451
391,1340_Diethyl Phthalate                                                                                                         ,0.51,0.5009484,0.17142805,0.017142805457115173
392,"1343_2,2,4-Trimethyl-1,3-pentanediol diisobutyrate                                                                             ",0.53,0.51595753,0.16958855,0.016958855092525482
393,"1344_Phenol, 2,4,6-tri-tert-butyl-                                                                                             ",0.46,0.48793542,0.16867676,0.01686767637729645
394,1353_Hexadecane                                                                                                                ,0.43,0.46440598,0.15992154,0.01599215418100357
395,"1358_Cedrane, 8-propoxy-                                                                                                       ",0.39,0.46795508,0.18284556,0.01828455626964569
396,1361_Tetradecanal                                                                                                              ,0.44,0.48792526,0.1778486,0.017784860730171204
397,1368_Benzophenone                                                                                                              ,0.53,0.51169705,0.16246721,0.016246721148490906
398,"1371_Benzene, (1-butylheptyl)-                                                                                                 ",0.41,0.4653746,0.17305398,0.017305397987365724
399,"1376_Cyclooctasiloxane, hexadecamethyl-                                                                                        ",0.61,0.52643424,0.14103685,0.014103685319423676
400,"1388_Pentadecane, 2,6,10-trimethyl-                                                                                            ",0.45,0.4794189,0.16945073,0.016945073008537294
401,"1392_1,3,5-Triazine-2,4,6(1H,3H,5H)-trione, 1,3,5-tri-2-propenyl-                                                              ",0.51,0.5084374,0.16524516,0.01652451604604721
402,"1393_Fumaric acid, eicosyl trans-hex-3-enyl ester                                                                              ",0.51,0.5081322,0.1831348,0.01831347942352295
403,"1408_Heptadecane, 2-methyl-                                                                                                    ",0.55,0.48996955,0.17267972,0.017267972230911255
404,"1411_Phenol, 2,4-di-t-butyl-6-nitro-                                                                                           ",0.5,0.48479095,0.16526723,0.01652672290802002
405,"1425_Hexanoic acid, 3,5,5-trimethyl-, nonyl ester                                                                              ",0.5,0.48881295,0.16365896,0.01636589616537094
406,"1433_3-Chloropropionic acid, heptadecyl ester                                                                                  ",0.44,0.4672223,0.1803733,0.018037329614162444
407,"1436_Pentanoic acid, 6-ethyl-3-octyl ester                                                                                     ",0.5,0.496488,0.18611367,0.018611367046833038
408,1445_Heptadecane                                                                                                               ,0.45,0.48239344,0.15979958,0.015979957580566407
409,"1448_Benzene, (3-iodo-1-methoxypropyl)-                                                                                        ",0.47,0.49167073,0.15159465,0.015159465372562408
410,"1452_Silane, diethoxydiphenyl-                                                                                                 ",0.5,0.50719756,0.15690883,0.01569088250398636
411,1459_Pentadecanal-                                                                                                             ,0.5,0.48985782,0.17358892,0.017358891665935516
412,"1464_2,6,11,15-Tetramethyl-hexadeca-2,6,8,10,14-pentaene                                                                       ",0.5,0.49282533,0.14821468,0.01482146829366684
413,"1465_1-Penten-3-one, 2-methyl-1-(2,2,6-trimethylcyclohexen-1-yl)-                                                              ",0.51,0.4910282,0.15506193,0.015506193041801453
414,"1472_Benzenecarbothioic acid, S-ethyl ester                                                                                    ",0.59,0.54493445,0.1543965,0.015439650416374207
415,"1473_Benzene, (1-butyloctyl)-                                                                                                  ",0.47,0.4968545,0.15644199,0.015644198656082152
416,"1481_Benzene, 1-(1,1-dimethylethyl)-4-phenoxy-                                                                                 ",0.53,0.49352622,0.15980579,0.01598057895898819
417,"1488_Octadecane, 1-iodo-                                                                                                       ",0.4,0.46476054,0.1677047,0.0167704701423645
418,1499_Heneicosane                                                                                                               ,0.52,0.50284815,0.1524922,0.015249219536781312
419,1501_Hexestrol                                                                                                                 ,0.44,0.46075463,0.16862819,0.016862818598747255
420,"1503_3,5-di-tert-Butyl-4-hydroxybenzaldehyde                                                                                   ",0.5,0.4958984,0.17128104,0.017128103971481325
421,"1507_1,3-Cyclopentadiene, 5,5-dimethyl-1,2-Dipropyl-                                                                           ",0.44,0.4756155,0.17462021,0.017462021112442015
422,1509_Hexatriacontyl pentafluoropropionate                                                                                      ,0.41,0.45974594,0.17300402,0.017300401628017426
423,1516_Tetradecanoic acid                                                                                                        ,0.58,0.5422258,0.16679204,0.016679203510284422
424,"1526_.alpha.-Phellandrene, dimer                                                                                               ",0.54,0.5082022,0.17558762,0.017558762431144716
425,"1556_Kaur-16-ene, (8.beta.,13.beta.)-                                                                                          ",0.5,0.5026179,0.16682047,0.01668204665184021
426,"1563_Benzene, 1-methyl-4-(1,2,2-trimethylcyclopentyl)-, (R)-                                                                   ",0.54,0.51510733,0.15806517,0.015806517004966734
427,"1564_Acetophenone, 2,2-difluoro-2-phenyl-                                                                                      ",0.53,0.48420864,0.1482448,0.014824479818344116
428,"1570_Ethanedione, diphenyl-                                                                                                    ",0.43,0.48268294,0.15246615,0.015246614813804626
429,1579_Isopropyl myristate                                                                                                       ,0.4,0.4749765,0.15985271,0.01598527133464813
430,"1597_Benzenebutanal, .gamma.,4-dimethyl-                                                                                       ",0.51,0.50607044,0.16756962,0.01675696223974228
431,"1623_Bayer 28,589                                                                                                              ",0.5,0.47923318,0.15964665,0.01596466451883316
432,"1638_Tetrapentacontane, 1,54-dibromo-                                                                                          ",0.47,0.4978131,0.15407094,0.015407094359397888
433,1645_Palmitoleic acid                                                                                                          ,0.52,0.4923973,0.1653898,0.016538980603218078
434,1650_Diisooctyl phthalate                                                                                                      ,0.5,0.49084464,0.1807635,0.018076349794864655
435,"1653_1,2-Benzenedicarboxylic acid, bis(2-methylpropyl) ester                                                                   ",0.47,0.4827834,0.1877925,0.018779249489307405
436,1654_Tetracosane                                                                                                               ,0.39,0.47477436,0.17009924,0.017009924352169036
437,"1660_l-(+)-Ascorbic acid 2,6-dihexadecanoate                                                                                   ",0.5,0.49374214,0.17130907,0.017130906879901885
438,"1663_7,11-Hexadecadienal                                                                                                       ",0.44,0.4659467,0.16861007,0.01686100661754608
439,1672_Bis(2-ethylhexyl) phthalate                                                                                               ,0.45,0.47978848,0.1740535,0.017405350506305695
440,1700_Dotriacontane                                                                                                             ,0.46,0.4904451,0.16970208,0.016970208287239073
441,1707_Squalane                                                                                                                  ,0.46,0.47319996,0.15679862,0.015679861605167388
442,"1718_1,1'-Binaphthalene, 5,5',6,6',7,7',8,8'-octahydro-                                                                        ",0.43,0.47350326,0.14858897,0.014858897030353545
443,1720_Tritriacontane                                                                                                            ,0.4,0.4640914,0.16025744,0.016025744378566742
444,1730_Cyclic octaatomic sulfur                                                                                                  ,0.36,0.45359245,0.15121591,0.015121591091156007
