VOC_Index,VOC_Name,Selection_Freq,Soft_Mean,Soft_Std,Soft_SEM
0,"1_2-Butenal, (Z)-                                                                                                              ",0.54,0.52719516,0.18347174,0.018347173929214478
1,"4_4,5-Dihydrooxazole-5-one, 4-[4-acetoxy-3-methoxybenzylidene]-2-phenyl-                                                       ",0.52,0.4993226,0.1762965,0.017629650235176087
2,6_Cyclopropyl methyl carbinol                                                                                                  ,0.59,0.52838063,0.1693024,0.016930240392684936
3,10_Benzene                                                                                                                     ,0.51,0.4969056,0.16909659,0.016909658908843994
4,"11_Ethane, 1,2-dichloro-                                                                                                       ",0.51,0.5154023,0.16563956,0.016563956439495087
5,13_3-Methoxypropionic acid                                                                                                     ,0.5,0.5063033,0.18041594,0.018041594326496123
6,14_Thiirane                                                                                                                    ,0.49,0.50816494,0.18457067,0.018457067012786866
7,"17_Furan, 2,3-dihydro-4-methyl-                                                                                                ",0.51,0.5223655,0.16512378,0.0165123775601387
8,"18_Diborane(6), .mu.-mercapto-                                                                                                 ",0.49,0.5100931,0.19038047,0.01903804689645767
9,"19_Cyclohexane, (1,1-dimethylethyl)-                                                                                           ",0.61,0.5389587,0.18906134,0.018906134366989135
10,25_2-Oxo-6-(piperidine-1-sulfonyl)-benzooxazole-3-carboxylic acid 2-chloro-ethyl ester                                         ,0.62,0.53225327,0.18409634,0.01840963363647461
11,"26_2-Propanol, 1-methoxy-                                                                                                      ",0.44,0.4862381,0.17796028,0.017796027660369872
12,"28_Nonane, 5-methylene-                                                                                                        ",0.46,0.49096566,0.16535613,0.01653561294078827
13,"29_Disiloxane, hexamethyl-                                                                                                     ",0.52,0.5101672,0.16569942,0.016569942235946655
14,"34_Butanal, 2-methyl-                                                                                                          ",0.65,0.5564755,0.18982731,0.01898273080587387
15,36_1-Penten-3-one                                                                                                              ,0.64,0.5822189,0.19560151,0.019560150802135468
16,"38_Methoxyacetic acid, 2-tetrahydrofurylmethyl ester                                                                           ",0.69,0.5778965,0.18260169,0.01826016902923584
17,40_tert-Butylpentamethyldisiloxane                                                                                             ,0.54,0.51405776,0.1743242,0.017432419955730437
18,42_Triethylamine                                                                                                               ,0.75,0.6416315,0.22291066,0.022291065752506257
19,"45_Pentane, 2,2,4-trimethyl-                                                                                                   ",0.5,0.4967418,0.17902365,0.017902365326881407
20,"54_Heptanal, 2-methyl-                                                                                                         ",0.45,0.4930807,0.18967614,0.018967613577842712
21,58_cis-1-Ethoxy-1-butene                                                                                                       ,0.63,0.5630012,0.18367727,0.018367727100849152
22,"61_2-Butanol, 3,3-dimethyl-4-dimethylamino-2-phenyl-                                                                           ",0.49,0.49977502,0.18232633,0.01823263317346573
23,70_Trimethylene oxide                                                                                                          ,0.55,0.5050412,0.17035379,0.017035378515720366
24,"74_1,4-Dioxane                                                                                                                 ",0.43,0.49261895,0.17880984,0.017880983650684357
25,"76_Ethane, methoxy-                                                                                                            ",0.56,0.5293571,0.19425012,0.019425012171268463
26,"80_Propionic acid, 2-mercapto-, allyl ester                                                                                    ",0.47,0.49813634,0.1740203,0.017402030527591705
27,"82_2-Cyclopenten-1-one, 3-methyl-                                                                                              ",0.45,0.4771491,0.1791105,0.017911049723625182
28,"83_Ethanamine, N-ethyl-                                                                                                        ",0.44,0.49789006,0.19402331,0.019402331113815306
29,"86_Silanediol, dimethyl-                                                                                                       ",0.52,0.50953066,0.18510903,0.018510903418064117
30,"88_Sulfurous acid, dimethyl ester                                                                                              ",0.52,0.50517577,0.1907099,0.01907099038362503
31,"94_Cyclopentanemethanol, 3-methylene-                                                                                          ",0.51,0.5095556,0.19261573,0.019261573255062104
32,"100_Formic acid, butyl ester                                                                                                   ",0.61,0.5189049,0.19247009,0.019247008860111235
33,"101_1,3-Propanediol                                                                                                            ",0.65,0.55737436,0.15823139,0.01582313925027847
34,"104_Ethane, 1,1-diethoxy-                                                                                                      ",0.58,0.5164077,0.16525896,0.016525895893573762
35,"107_Formic acid, 5-methylhex-2-yl ester                                                                                        ",0.55,0.52282,0.18862468,0.018862468004226685
36,110_2-Heptene                                                                                                                  ,0.46,0.50135076,0.16247623,0.016247622668743134
37,"117_Propane, 3,3-dichloro-1,1,1,2,2-pentafluoro-                                                                               ",0.6,0.52005595,0.16067937,0.01606793701648712
38,"119_2-Pentanol, 2-methyl-                                                                                                      ",0.47,0.4870247,0.16645361,0.016645361483097077
39,"120_Oxirane, 2-(1,1-dimethylethyl)-3-methyl-                                                                                   ",0.51,0.5235174,0.17948486,0.017948485910892487
40,"126_2,4-Pentadienenitrile                                                                                                      ",0.76,0.6434813,0.19457468,0.019457468390464784
41,"130_3-Oxa-bicyclo[3.2.0]hept-6-ene-2,4-dione                                                                                   ",0.64,0.5739688,0.16958366,0.016958366334438323
42,"131_2-Butenal, 2-methyl-, (E)-                                                                                                 ",0.57,0.5470905,0.16579816,0.0165798157453537
43,132_Pyridine                                                                                                                   ,0.67,0.5766422,0.1992246,0.019922460615634918
44,"133_Formic acid, 2-methylbutyl ester                                                                                           ",0.71,0.62584627,0.22039612,0.022039611637592316
45,"135_Disulfide, dimethyl                                                                                                        ",0.49,0.5013232,0.19476826,0.01947682648897171
46,"137_2-Butenal, 2-methyl-                                                                                                       ",0.8,0.6759779,0.182085,0.018208500742912293
47,"147_Methanamine, N,N-difluoro-                                                                                                 ",0.46,0.50518566,0.18641505,0.018641504645347595
48,148_Propanoic acid                                                                                                             ,0.51,0.51443934,0.14117518,0.014117518067359924
49,155_Tetraethylammonium chloride                                                                                                ,0.46,0.4889392,0.16749825,0.016749824583530425
50,"160_Butanoic acid, 2-amino-4-(methylsulfinyl)-, (.+/-.)-                                                                       ",0.54,0.5089571,0.17042129,0.01704212874174118
51,"162_3-Hexene, 2,2-dimethyl-, (Z)-                                                                                              ",0.49,0.4821686,0.17575684,0.017575684189796447
52,172_Toluene                                                                                                                    ,0.49,0.5007491,0.18384458,0.018384458124637605
53,174_1-Methyl-1-ethoxycyclobutane                                                                                               ,0.49,0.51183254,0.17598729,0.017598728835582732
54,"176_Boron, trihydro(pyridine)-, (T-4)-                                                                                         ",0.5,0.4898764,0.16386132,0.016386131942272186
55,"180_1-Penten-3-one, 2-methyl-                                                                                                  ",0.59,0.53152716,0.183628,0.018362799286842348
56,"182_2,2,4,4-Tetramethyloctane                                                                                                  ",0.51,0.49712524,0.17822886,0.017822885513305665
57,"186_Butane, 2-cyclopropyl-                                                                                                     ",0.54,0.500442,0.18267073,0.01826707273721695
58,"194_D-Erythro-Tetrofuranose-3-ulose, 4-C-cyclopropyl-1,2-O-isopropylidene-, .alpha.-                                           ",0.49,0.5019387,0.17699304,0.017699304223060607
59,"203_1,3-Dioxolane, 2-ethyl-4-methyl-                                                                                           ",0.49,0.5028483,0.17586812,0.017586812376976013
60,214_Cyclopentanone                                                                                                             ,0.52,0.51146233,0.17508979,0.017508979141712188
61,"216_Propane, 1,3-dimethoxy-                                                                                                    ",0.56,0.53610635,0.19721109,0.01972110867500305
62,"217_1,3-Diisopropoxy-1,3-dimethyl-1,3-disilacyclobutane                                                                        ",0.58,0.5413388,0.18322016,0.018322016298770904
63,223_4-Ethylbenzamide                                                                                                           ,0.5,0.49917942,0.17482625,0.01748262494802475
64,"224_2-Methoxy-1,3-dioxolane                                                                                                    ",0.52,0.5020841,0.16456546,0.016456545889377595
65,"226_4-Hexen-3-one, 4-methyl-                                                                                                   ",0.64,0.5724953,0.18811838,0.01881183832883835
66,"227_Pipecolic acid, N-propoxycarbonyl-, dodecyl ester                                                                          ",0.54,0.5203152,0.20051228,0.020051227509975435
67,"228_Cyclopentane, 1,2,4-trimethyl-, (1.alpha.,2.beta.,4.alpha.)-                                                               ",0.52,0.5121164,0.18248962,0.01824896186590195
68,"230_3-Penten-2-one, 4-methyl-                                                                                                  ",0.66,0.6068045,0.21755049,0.021755048632621767
69,"232_Isovaleric acid, 3-methylbutyl-2 ester                                                                                     ",0.55,0.49678254,0.18156229,0.018156228959560393
70,"234_Hexane, 2,2,4-trimethyl-                                                                                                   ",0.67,0.57270217,0.20775841,0.02077584117650986
71,235_3-Nonen-5-one                                                                                                              ,0.51,0.5100806,0.17710748,0.017710748314857482
72,236_Hexanal                                                                                                                    ,0.48,0.49507043,0.18014477,0.01801447719335556
73,"237_Ethanol, 2-propoxy-                                                                                                        ",0.52,0.51987654,0.18183854,0.01818385422229767
74,238_2-Methyl-4-methoxy-1-butanol                                                                                               ,0.6,0.53828067,0.18185705,0.018185704946517944
75,"239_1-Butene, 2,3,3-trimethyl-                                                                                                 ",0.58,0.52851266,0.17783146,0.01778314560651779
76,240_Tetrachloroethylene                                                                                                        ,0.54,0.52529615,0.1888246,0.01888245940208435
77,249_Butanoic acid                                                                                                              ,0.45,0.4883011,0.16611992,0.016611991822719573
78,"256_Propanoic acid, propyl ester                                                                                               ",0.61,0.5401843,0.1763442,0.017634420096874236
79,"259_Heptane, 3,4,5-trimethyl-                                                                                                  ",0.48,0.48354924,0.16364783,0.01636478304862976
80,"262_1,5-Dimethyl-6-oxa-bicyclo[3.1.0]hexane                                                                                    ",0.57,0.510144,0.16991794,0.016991794109344482
81,"266_Acetic acid, butyl ester                                                                                                   ",0.54,0.49539864,0.18199222,0.018199221789836885
82,"268_Cyclotrisiloxane, hexamethyl-                                                                                              ",0.61,0.5522488,0.192421,0.019242100417613983
83,"272_Butanoic acid, 2-oxo-, methyl ester                                                                                        ",0.52,0.5015002,0.16310668,0.016310667991638182
84,"273_1-Butyne, 3-chloro-                                                                                                        ",0.56,0.52861536,0.18064809,0.01806480884552002
85,"274_Hexane, 3,3-dimethyl-                                                                                                      ",0.53,0.51065946,0.16954127,0.016954126954078674
86,283_3-Furaldehyde                                                                                                              ,0.44,0.47626126,0.1748001,0.01748000979423523
87,288_4-Hexen-3-one                                                                                                              ,0.48,0.4794235,0.17070737,0.01707073748111725
88,291_Tetrafluoromethane                                                                                                         ,0.68,0.56971264,0.18310228,0.018310227990150453
89,"296_.beta.-D-Glucopyranose, 1,6-anhydro-                                                                                       ",0.51,0.513818,0.16505314,0.016505314409732817
90,"301_Benzene, chloro-                                                                                                           ",0.47,0.49748558,0.17951517,0.017951516807079314
91,316_2-Ethyl-5-propylcyclopentanone                                                                                             ,0.62,0.52678406,0.17765702,0.017765702307224275
92,317_Ethylbenzene                                                                                                               ,0.54,0.5066269,0.17820308,0.01782030761241913
93,321_4-Hydroxy-3-hexanone                                                                                                       ,0.48,0.49657688,0.19050235,0.01905023455619812
94,"325_2,6-Octadiene-4,5-diol                                                                                                     ",0.57,0.5216199,0.16265565,0.016265565156936647
95,"329_Succinic acid, but-3-yn-2-yl tetrahydrofurfuryl ester                                                                      ",0.56,0.53281885,0.18269584,0.018269583582878113
96,332_N-(2-Methoxyethyl)-tert-butylamine                                                                                         ,0.44,0.4875986,0.16892064,0.016892063617706298
97,"335_2-Ethylthiolane, S,S-dioxide                                                                                               ",0.57,0.5268154,0.17657621,0.017657621204853056
98,336_1-Methylcyclopropanemethanol                                                                                               ,0.53,0.5028886,0.2010872,0.020108720660209654
99,337_2-Methoxythiophene                                                                                                         ,0.51,0.50937384,0.1671259,0.016712589561939238
100,338_1-Methoxycyclohexane                                                                                                       ,0.54,0.5027678,0.17359942,0.017359942197799683
101,"339_2H-Imidazole-2-thione, 1,3-dihydro-1-methyl-                                                                               ",0.41,0.46321788,0.15780644,0.01578064411878586
102,"340_Acetaldehyde, butylhydrazone                                                                                               ",0.56,0.5054867,0.1803044,0.01803043931722641
103,"344_3-Cyclobutene-1,2-dione, 3-phenyl-                                                                                         ",0.46,0.4846883,0.16955297,0.01695529669523239
104,"350_Trisiloxane, octamethyl-                                                                                                   ",0.6,0.54063857,0.16267237,0.016267237067222596
105,353_3-Ethyl-2-nonanone                                                                                                         ,0.51,0.51785463,0.18050554,0.018050554394721984
106,"358_Ethanone, 1-(1-cyclohexen-1-yl)-                                                                                           ",0.62,0.5463282,0.16536473,0.016536472737789153
107,"360_3,5-Octanedione, 2,2,4,7-tetramethyl-                                                                                      ",0.65,0.55376154,0.19022872,0.01902287155389786
108,"361_1,2-Propanediol diformate                                                                                                  ",0.55,0.5379393,0.18315196,0.01831519603729248
109,362_Hypoglycin                                                                                                                 ,0.48,0.4943778,0.17853574,0.017853574454784395
110,363_Cyclohexylmethylsilane                                                                                                     ,0.55,0.52316,0.18252973,0.01825297325849533
111,364_3-Heptanone                                                                                                                ,0.44,0.489175,0.17297755,0.017297755181789397
112,370_o-Xylene                                                                                                                   ,0.49,0.5047687,0.18428901,0.018428900837898256
113,"378_2,2,3-Triethyloxirane                                                                                                      ",0.56,0.5146372,0.16631809,0.016631808876991273
114,"383_3,3-Dichloropropyne                                                                                                        ",0.5,0.5218318,0.19664072,0.01966407150030136
115,385_n-Heptyl acrylate                                                                                                          ,0.52,0.4795577,0.19379973,0.01937997341156006
116,"386_Cyclohexa-1,3-diene, 5,6-diethyl-                                                                                          ",0.5,0.47307518,0.17440611,0.017440611124038698
117,"387_2-Propenoic acid, butyl ester                                                                                              ",0.51,0.49869752,0.17797549,0.017797549068927766
118,389_3-Heptanol                                                                                                                 ,0.55,0.5265355,0.17565092,0.01756509244441986
119,"392_1-Butyl(dimethyl)silyloxy-2,2-dimethylpropane                                                                              ",0.57,0.5266845,0.20071805,0.020071804523468018
120,"395_Ethanol, 2-butoxy-                                                                                                         ",0.62,0.55179083,0.18555701,0.01855570077896118
121,396_Heptanal                                                                                                                   ,0.47,0.49309665,0.15622406,0.015622405707836151
122,"399_2-Hexanol, 5-methyl-                                                                                                       ",0.43,0.48185748,0.17982931,0.017982931435108186
123,"401_2-Propanol, 1-methoxy-2-methyl-                                                                                            ",0.43,0.47044918,0.172109,0.017210899293422698
124,"411_Propanoic acid, butyl ester                                                                                                ",0.52,0.50669134,0.18896525,0.018896524608135224
125,"422_1-Pentanol, TBDMS derivative                                                                                               ",0.54,0.51938176,0.1801001,0.018010009825229645
126,"425_Benzene, (1-methylethyl)-                                                                                                  ",0.51,0.4972607,0.18512166,0.018512165546417235
127,"431_1-Hexyn-3-ol, 3-methyl-                                                                                                    ",0.42,0.47408414,0.18674253,0.018674252927303313
128,442_2-Cyclohexen-1-one                                                                                                         ,0.42,0.46065155,0.19097288,0.019097287952899934
129,"449_Cyclohexane, 1,3-dimethyl-                                                                                                 ",0.53,0.5154434,0.18046515,0.018046514689922334
130,"451_2-Heptanone, 4-methyl-                                                                                                     ",0.52,0.50835073,0.17361255,0.017361254990100862
131,462_(-)-trans-Pinane                                                                                                           ,0.5,0.49613586,0.17335984,0.017335984110832214
132,465_3-Ethyl-4-methylpentan-1-ol                                                                                                ,0.67,0.584424,0.20327182,0.0203271821141243
133,"466_Hexanal, 3,3-dimethyl-                                                                                                     ",0.55,0.5301457,0.14266771,0.014266771078109742
134,"471_Hexanal, 2-ethyl-                                                                                                          ",0.73,0.6423116,0.19498716,0.01949871629476547
135,"473_Benzoic acid, 2-formyl-4,6-dimethoxy-, 8,8-dimethoxyoct-2-yl ester                                                         ",0.4,0.4612111,0.15894029,0.015894028544425964
136,"474_2-Heptenal, (Z)-                                                                                                           ",0.7,0.62400675,0.18880841,0.0188808411359787
137,479_3-Ethylcyclopentanone                                                                                                      ,0.45,0.47381675,0.17320411,0.017320410907268526
138,"480_Benzene, 1,1'-(1-methyl-1,2-ethanediyl)bis-                                                                                ",0.55,0.51369876,0.17461316,0.01746131628751755
139,"483_2H-Pyran-3,4,5-triol, tetrahydro-2-methoxy-6-methyl-                                                                       ",0.39,0.47004017,0.18144572,0.01814457178115845
140,"485_Nonane, 4-methyl-                                                                                                          ",0.46,0.4975376,0.14815368,0.014815367758274078
141,"488_Tridecane, 6-methyl-                                                                                                       ",0.49,0.5006298,0.18677528,0.01867752820253372
142,"492_Pentadecane, 6-methyl-                                                                                                     ",0.7,0.58434975,0.19043289,0.019043289124965668
143,"495_Ethanol, 2,2'-oxybis-                                                                                                      ",0.51,0.4933011,0.15308058,0.015308058261871338
144,496_(E)1-Allyl-2-methylcyclohexanol                                                                                            ,0.69,0.59487665,0.17792267,0.017792266607284547
145,"497_4-Octanol, 2-methyl-                                                                                                       ",0.49,0.5172459,0.17815769,0.017815768718719482
146,500_Dibutylsulfamic acid                                                                                                       ,0.46,0.49228442,0.17517473,0.01751747280359268
147,"501_5-Ethyl-2,4-nonandione                                                                                                     ",0.51,0.5182041,0.19510548,0.019510547816753387
148,"502_Oxalic acid, butyl 2-ethylhexyl ester                                                                                      ",0.56,0.5005099,0.17076634,0.017076633870601654
149,503_5-Nonanol                                                                                                                  ,0.51,0.52171075,0.17956746,0.017956745624542237
150,"507_Formic acid, heptyl ester                                                                                                  ",0.45,0.46817395,0.19121489,0.01912148892879486
151,"509_Decane, 3,8-dimethyl-                                                                                                      ",0.51,0.5103313,0.19109593,0.019109593331813814
152,516_1-Decen-3-one                                                                                                              ,0.5,0.49717668,0.16472451,0.016472451388835907
153,523_Benzonitrile                                                                                                               ,0.57,0.52756006,0.19167767,0.019167767465114595
154,"524_3-Pentenoic acid, 4-methyl-                                                                                                ",0.49,0.5067485,0.17732981,0.017732980847358703
155,525_1-Octen-3-ol                                                                                                               ,0.56,0.53567976,0.17272395,0.01727239489555359
156,"527_Dodecane, 2,2,11,11-tetramethyl-                                                                                           ",0.54,0.5110804,0.1851811,0.018518109619617463
157,528_Phenol                                                                                                                     ,0.57,0.5237193,0.17378528,0.01737852841615677
158,"536_Propanoic acid, 2,2-dimethyl-, cesium salt                                                                                 ",0.63,0.5331642,0.14904211,0.014904211461544036
159,537_Hexanoic acid                                                                                                              ,0.51,0.49448168,0.18231249,0.01823124885559082
160,"538_Cyclotetrasiloxane, octamethyl-                                                                                            ",0.53,0.5206384,0.18167125,0.018167124688625337
161,544_2-Octanone                                                                                                                 ,0.6,0.55343103,0.17532627,0.017532627284526824
162,"546_Benzene, 1,2,3-trimethyl-                                                                                                  ",0.55,0.51642466,0.18577617,0.018577617406845093
163,548_4-Octanol                                                                                                                  ,0.52,0.5176608,0.16255495,0.016255494952201844
164,"551_2-Methyl-1,6-dioxaspiro[4.4]nonane                                                                                         ",0.73,0.6137915,0.19270828,0.0192708283662796
165,565_Propanenitrile                                                                                                             ,0.58,0.513689,0.1714601,0.01714601069688797
166,567_Decane                                                                                                                     ,0.5,0.5038163,0.16121432,0.016121432185173035
167,569_Octanal                                                                                                                    ,0.56,0.52912843,0.17398566,0.017398566007614136
168,"571_Ethanol, 2-(2-ethoxyethoxy)-                                                                                               ",0.53,0.5083267,0.16789833,0.01678983271121979
169,"574_2-Octanol, (S)-                                                                                                            ",0.6,0.552478,0.17854974,0.017854973673820496
170,"575_Cyclopentene, 1,4-dimethyl-5-(1-methylethyl)-                                                                              ",0.52,0.505722,0.15672073,0.015672072768211365
171,"582_Butane, 1,1'-[oxybis(2,1-ethanediyloxy)]bis-                                                                               ",0.46,0.4776517,0.18223257,0.01822325736284256
172,"586_Benzene, 1,2,4-trimethyl-                                                                                                  ",0.54,0.5072405,0.17000453,0.01700045317411423
173,"588_Propanenitrile, 2,2'-azobis[2-methyl-                                                                                      ",0.57,0.5404623,0.17079736,0.017079736292362212
174,"590_2-Propanol, 1-(2-ethoxypropoxy)-                                                                                           ",0.48,0.5087946,0.17281985,0.017281985282897948
175,"591_Silane, triethylfluoro-                                                                                                    ",0.46,0.48896262,0.18567643,0.01856764256954193
176,592_Tetramethylbutanedinitrile                                                                                                 ,0.52,0.5047007,0.19341935,0.019341935217380524
177,"596_Octane, 3,3-dimethyl-                                                                                                      ",0.5,0.49287426,0.18342064,0.01834206432104111
178,605_D-Limonene                                                                                                                 ,0.48,0.497909,0.17111686,0.017111685872077943
179,"607_Cyclohexene, 4-methyl-1-(1-methylethyl)-                                                                                   ",0.5,0.50584936,0.16842951,0.016842950880527497
180,608_2-Propyl-1-pentanol                                                                                                        ,0.61,0.54626226,0.15671934,0.01567193418741226
181,"614_Butanedioic acid, dimethyl ester                                                                                           ",0.67,0.5354284,0.1919882,0.019198819994926453
182,619_1-(1'-pyrrolidinyl)-2-butanone                                                                                             ,0.5,0.50949854,0.16395877,0.016395877301692962
183,"620_1,3,2-Dioxaborolane, 2,4-diethyl-                                                                                          ",0.5,0.48090115,0.18669635,0.01866963505744934
184,621_Benzyl alcohol                                                                                                             ,0.51,0.4970456,0.16832931,0.016832931339740752
185,"623_3-Benzofurancarboxaldehyde, 2,3-dihydro-3-methyl-                                                                          ",0.63,0.5748541,0.18228008,0.018228007853031157
186,"624_Cyclopropanecarboxylic acid,4-methylpentyl ester                                                                           ",0.63,0.53578186,0.16610274,0.016610273718833925
187,"626_3,5-Octadien-2-ol                                                                                                          ",0.55,0.52083224,0.17405759,0.017405758798122405
188,627_3-Ethyl-3-heptanol                                                                                                         ,0.48,0.47830394,0.17656468,0.017656467854976654
189,"629_Benzaldehyde, 2-hydroxy-                                                                                                   ",0.57,0.52904296,0.17635974,0.017635974287986755
190,"635_2,4,6-Cycloheptatrien-1-one, 4-methyl-                                                                                     ",0.54,0.52071846,0.17195235,0.017195235192775726
191,"636_2-Propenoic acid, 2-methyl-, 2-hydroxypropyl ester                                                                         ",0.44,0.4791213,0.18042848,0.018042847514152527
192,"637_4,4'-Bi-1,3,2-dioxaborolane, 2,2'-diethyl-                                                                                 ",0.48,0.51125985,0.16918366,0.01691836565732956
193,"640_1-Hexanol, 3,5,5-trimethyl-                                                                                                ",0.52,0.49978888,0.17572811,0.017572811245918273
194,"645_Nonane, 5-methyl-5-propyl-                                                                                                 ",0.54,0.5224933,0.19991319,0.019991318881511688
195,"648_Succinic acid, tridec-2-yn-1-yl 3-methylbut-3-en-1-yl ester                                                                ",0.53,0.5094216,0.18265137,0.01826513707637787
196,"649_2(3H)-Furanone, 5-ethyldihydro-                                                                                            ",0.52,0.5033803,0.17528862,0.01752886176109314
197,"650_1,2,4,5-Tetrazine, 1,4-dibutylhexahydro-                                                                                   ",0.49,0.4889462,0.17163417,0.017163416743278502
198,"654_Pentanal, 5-[(tetrahydro-2H-pyran-2-yl)oxy]-                                                                               ",0.52,0.5050727,0.1697266,0.01697265952825546
199,"656_2-Octenal, (E)-                                                                                                            ",0.51,0.51614606,0.17964126,0.01796412616968155
200,"663_2,5-Hexanediol, 2,5-dimethyl-                                                                                              ",0.51,0.4887332,0.18917021,0.01891702115535736
201,668_Phenylglyoxal                                                                                                              ,0.58,0.53074014,0.17402622,0.0174026221036911
202,"670_Aniline, N-methyl-                                                                                                         ",0.5,0.48755968,0.16984877,0.0169848769903183
203,672_Acetophenone                                                                                                               ,0.4,0.4597553,0.1660413,0.0166041299700737
204,675_Cyclooctyl alcohol                                                                                                         ,0.55,0.51110315,0.18084833,0.018084833025932313
205,"677_Decane, 3-methyl-                                                                                                          ",0.58,0.5273012,0.18853152,0.018853151798248292
206,"681_7-Octen-2-ol, 2,6-dimethyl-                                                                                                ",0.58,0.5340349,0.15641601,0.015641601383686067
207,"683_Formic acid, octyl ester                                                                                                   ",0.62,0.5607401,0.20652443,0.020652443170547485
208,684_Decyl octyl ether                                                                                                          ,0.6,0.5299993,0.20813733,0.020813733339309692
209,"688_Terephthalic acid, 2-methoxyethyl propyl ester                                                                             ",0.49,0.49349135,0.17670809,0.01767080873250961
210,"689_Arsenous acid, tris(trimethylsilyl) ester                                                                                  ",0.45,0.48968765,0.18485127,0.018485127389431
211,"693_Hexane, 2,5-dimethoxy-2,5-dimethyl-                                                                                        ",0.56,0.5108913,0.18059862,0.018059861660003663
212,"696_Silicic acid, diethyl bis(trimethylsilyl) ester                                                                            ",0.48,0.5086823,0.18066087,0.018066087365150453
213,"697_Benzene, 2-ethyl-1,4-dimethyl-                                                                                             ",0.54,0.5210022,0.17096464,0.017096464335918427
214,"698_1,6-Dioxaspiro[4.4]nonane, 2-ethyl-                                                                                        ",0.51,0.47954452,0.15984918,0.015984918177127837
215,701_(+)-4-Carene                                                                                                               ,0.65,0.55734146,0.19032648,0.01903264820575714
216,703_Lethane                                                                                                                    ,0.52,0.519388,0.18617728,0.018617728352546693
217,706_2-Butoxyethyl acetate                                                                                                      ,0.48,0.4982981,0.18223976,0.018223975598812104
218,"709_4-Heptanol, 2,6-dimethyl-                                                                                                  ",0.52,0.49610314,0.18168436,0.018168435990810396
219,711_2-Nonanone                                                                                                                 ,0.58,0.52335376,0.17360541,0.017360541224479675
220,"714_Benzoic acid, methyl ester                                                                                                 ",0.41,0.48999053,0.16422075,0.016422075033187867
221,"717_1-Hexadecen-3-ol, 3,5,11,15-tetramethyl-                                                                                   ",0.6,0.5252121,0.17238104,0.017238104343414308
222,"719_Heptanal, 7,7-dimethoxy-                                                                                                   ",0.66,0.5744516,0.19724767,0.01972476691007614
223,720_Linalool                                                                                                                   ,0.48,0.488113,0.17364235,0.01736423522233963
224,"728_2-Cyclohexen-1-one, 3,6-dimethyl-6-(1-methylethyl)-                                                                        ",0.57,0.5199564,0.17940965,0.017940965294837952
225,732_Nonanal                                                                                                                    ,0.64,0.55573267,0.18064412,0.018064412474632262
226,"741_Decane, 2,5-dimethyl-                                                                                                      ",0.59,0.53463686,0.15822141,0.015822140872478484
227,"743_Benzene, 1,3-dichloro-2-methyl-                                                                                            ",0.59,0.5158943,0.17370467,0.017370466887950898
228,749_Isophorone                                                                                                                 ,0.56,0.5262828,0.19447295,0.01944729536771774
229,"752_Hexanoic acid, 2-ethyl-                                                                                                    ",0.67,0.5534042,0.17867148,0.01786714792251587
230,"755_Undecane, 3,8-dimethyl-                                                                                                    ",0.52,0.5144909,0.18432732,0.018432731926441192
231,"771_1H-Indene, 2,3-dihydro-5-methyl-                                                                                           ",0.54,0.5229817,0.20438601,0.020438601076602936
232,"777_Cyclopentasiloxane, decamethyl-                                                                                            ",0.51,0.51243037,0.18198963,0.01819896250963211
233,"781_trans-1,2-Dimethylsilacyclohexane                                                                                          ",0.46,0.49488163,0.17390528,0.017390528321266176
234,"782_2,6-Dihydroxyacetophenone, 2TMS derivative                                                                                 ",0.5,0.49626723,0.18372114,0.01837211400270462
235,"783_Cyclohexanol, 1-butyl-                                                                                                     ",0.47,0.49671116,0.17391247,0.01739124655723572
236,"784_1,1,3,3,5,5,7,7-Octamethyl-7-(2-methylpropoxy)tetrasiloxan-1-ol                                                            ",0.65,0.5665629,0.17680506,0.01768050640821457
237,"787_Acetamide, 2-(3-cyano-4-methoxymethyl-6-methylpyridin-2-ylsulfanyl)-N-(3-trifluoromethylphenyl)-                           ",0.46,0.49189353,0.17130217,0.01713021695613861
238,"793_Hexadecanal, 2-methyl-                                                                                                     ",0.54,0.51568514,0.17653964,0.017653964459896088
239,794_(R)-(+)-1-Phenyl-1-propanol                                                                                                ,0.54,0.5118287,0.16951966,0.016951966285705566
240,"795_2(3H)-Furanone, dihydro-5-propyl-                                                                                          ",0.52,0.50779325,0.1859839,0.018598389625549317
241,"799_2(3H)-Furanone, 5-heptyldihydro-                                                                                           ",0.48,0.5078093,0.1666412,0.01666412055492401
242,"802_Silane, cyclohexyldimethoxymethyl-                                                                                         ",0.49,0.49889672,0.18183506,0.01818350553512573
243,"804_2,6-Dimethyldecane                                                                                                         ",0.47,0.47753417,0.17482728,0.017482727766036987
244,"807_Benzene, (2-methylbutyl)-                                                                                                  ",0.63,0.5470196,0.17778273,0.017778272926807403
245,"808_2,4,4,6-Tetramethyl-6-phenylheptane                                                                                        ",0.49,0.50870615,0.17272654,0.01727265417575836
246,"813_2-Nonenal, (E)-                                                                                                            ",0.37,0.47789398,0.16859947,0.016859947144985198
247,"815_Acetic acid, phenylmethyl ester                                                                                            ",0.52,0.49985316,0.19095626,0.01909562647342682
248,820_Benzoic acid                                                                                                               ,0.47,0.5019533,0.17850825,0.01785082519054413
249,"827_p-Acetophenetidide, N-methyl-                                                                                              ",0.65,0.54206073,0.14992568,0.014992567896842956
250,"828_Phenol, 2,4-dimethyl-                                                                                                      ",0.48,0.49020484,0.17908733,0.01790873259305954
251,832_trans-2-Dodecen-1-ol                                                                                                       ,0.53,0.5228705,0.18610728,0.018610727787017823
252,835_1-Nonanol                                                                                                                  ,0.65,0.5601697,0.19159967,0.019159966707229616
253,838_Terpinen-4-ol                                                                                                              ,0.56,0.51475376,0.16649678,0.016649678349494934
254,845_3-Decanone                                                                                                                 ,0.63,0.5503104,0.19236588,0.01923658847808838
255,"846_Ethanol, 1-(2-butoxyethoxy)-                                                                                               ",0.58,0.5354561,0.17461717,0.017461717128753662
256,"848_Benzenemethanol, .alpha.-methyl-, acetate                                                                                  ",0.56,0.5240333,0.17709388,0.017709387838840483
257,858_2-Decanone                                                                                                                 ,0.55,0.5231624,0.18455446,0.018455445766448975
258,"863_1-Buten-3-one, 1-(2-carboxy-4,4-dimethylcyclobutenyl)-                                                                     ",0.56,0.5135788,0.16536471,0.016536471247673035
259,875_4-n-Propylbenzoic acid                                                                                                     ,0.84,0.69914645,0.18052723,0.01805272251367569
260,"888_Benzaldehyde, 2,4-dimethyl-                                                                                                ",0.42,0.47653717,0.17862867,0.017862866818904876
261,889_Dodecyl nonyl ether                                                                                                        ,0.56,0.52306044,0.18121281,0.018121281266212465
262,"894_2,4-Nonadienal, (E,E)-                                                                                                     ",0.43,0.4967639,0.1756468,0.01756467968225479
263,"897_2,3,4,6-Tetrahydroisoquinolin-6-one, 1-[4-hydroxybenzyl]-7-methoxy-                                                        ",0.53,0.50643545,0.17461218,0.017461217939853668
264,900_Benzothiazole                                                                                                              ,0.46,0.48501405,0.17287809,0.017287808656692504
265,"907_2-Propenoic acid, 6-methylheptyl ester                                                                                     ",0.48,0.49534115,0.18736431,0.018736431002616884
266,910_2-Ethylhexyl acrylate                                                                                                      ,0.48,0.49858472,0.15421845,0.015421845018863678
267,"912_Cyclohexane, isothiocyanato-                                                                                               ",0.49,0.4988052,0.16849309,0.01684930920600891
268,"914_Pentasiloxane, dodecamethyl-                                                                                               ",0.51,0.5111449,0.17819984,0.01781998425722122
269,"944_Benzene, 1,3-bis(1,1-dimethylethyl)-                                                                                       ",0.48,0.49449593,0.18585345,0.01858534514904022
270,947_Geraniol                                                                                                                   ,0.57,0.51477385,0.1728606,0.017286059260368348
271,"948_2,6,10-Trimethyltridecane                                                                                                  ",0.59,0.5255825,0.16406733,0.01640673279762268
272,"949_Heptadecane, 2,6,10,15-tetramethyl-                                                                                        ",0.5,0.5134671,0.17518035,0.01751803457736969
273,"950_Acetic acid, chloro-, 2-phenylethyl ester                                                                                  ",0.48,0.50301206,0.16965412,0.016965411603450775
274,"952_Sulfurous acid, 2-ethylhexyl undecyl ester                                                                                 ",0.52,0.49179244,0.18193966,0.018193966150283812
275,"958_1H-Indene, 2,3-dihydro-1,1-dimethyl-                                                                                       ",0.53,0.5172354,0.16036312,0.016036312282085418
276,"967_2-Decenal, (E)-                                                                                                            ",0.6,0.5405665,0.1947277,0.019472770392894745
277,"976_Benzoic acid, 2-hydroxy-, ethyl ester                                                                                      ",0.52,0.504042,0.1863697,0.018636970221996306
278,977_Nonanoic acid                                                                                                              ,0.54,0.53141326,0.17836763,0.017836762964725493
279,"983_Benzaldehyde, 4-propyl-                                                                                                    ",0.47,0.49062192,0.167339,0.01673389971256256
280,984_1-Decanol                                                                                                                  ,0.48,0.4927615,0.18131621,0.018131621181964874
281,"990_3,4-Dimethylcumene                                                                                                         ",0.55,0.5224647,0.18043247,0.018043246865272523
282,"1002_3-Picoline, 5-(tert-butylthio)-                                                                                           ",0.58,0.5331442,0.18981282,0.01898128241300583
283,"1011_Naphthalene, 1,2,3,4-tetrahydro-1,8-dimethyl-                                                                             ",0.52,0.52202666,0.16128077,0.01612807661294937
284,"1012_Phenol, 2-methyl-5-(1-methylethyl)-                                                                                       ",0.56,0.5120453,0.16022126,0.016022126376628875
285,"1014_1H-Pyrazole, 3-ethyl-4,5-dihydro-1,4-dimethyl-                                                                            ",0.52,0.50018007,0.19178589,0.019178588688373566
286,"1016_Benzothiazole, 2-methyl-                                                                                                  ",0.51,0.50866604,0.18128364,0.018128363788127898
287,"1017_Naphthalene, 1-methyl-                                                                                                    ",0.59,0.5415026,0.15206465,0.015206465125083923
288,1018_2-Undecanone                                                                                                              ,0.55,0.51193446,0.17857735,0.017857734858989716
289,"1022_2-Cyclohexen-1-one, 4-butyl-3-methoxy-                                                                                    ",0.56,0.53920084,0.1963479,0.01963479071855545
290,"1032_Carbonic acid, tetradecyl vinyl ester                                                                                     ",0.48,0.49520653,0.18272321,0.018272320926189422
291,"1033_Cyclohexasiloxane, dodecamethyl-                                                                                          ",0.59,0.5347153,0.19526587,0.019526587426662446
292,"1034_.beta.-Hydroxypyruvic acid, trimethylsilyl ether, trimethylsilyl ester                                                    ",0.46,0.51434493,0.17598952,0.01759895235300064
293,"1042_Ethanone, 1-[4-(1-methylethyl)phenyl]-                                                                                    ",0.57,0.5084378,0.18640001,0.018640001118183137
294,"1044_Ethanone, 1-(2,4,5-trimethylphenyl)-                                                                                      ",0.44,0.4977813,0.1815194,0.018151940405368806
295,1046_2-Bromo dodecane                                                                                                          ,0.5,0.50017023,0.175052,0.01750520020723343
296,1047_3-tert-Butyl-2-pyrazolin-5-one                                                                                            ,0.63,0.5373008,0.1779357,0.017793570458889008
297,"1052_1,3-Cyclohexadiene-1-carboxaldehyde, 2,6,6-trimethyl-                                                                     ",0.63,0.55771345,0.16920012,0.01692001223564148
298,"1060_Cyclohexanol, 4-(1,1-dimethylethyl)-, acetate, cis-                                                                       ",0.61,0.53093475,0.17962903,0.017962902784347534
299,"1061_Benzene, 3-cyclohexen-1-yl-                                                                                               ",0.49,0.49380934,0.17814037,0.017814037203788758
300,"1064_(-)-1,2,2.alpha.,3,3,4,6,7,8,8.alpha.-decahydro-2.alpha.,7,8-trimethylacenaphthylene                                      ",0.58,0.5210774,0.18348645,0.01834864467382431
301,"1066_Hexanamide, N-methallyl-                                                                                                  ",0.44,0.5021824,0.16693851,0.016693851351737975
302,1067_Cedrene-V6                                                                                                                ,0.51,0.52240825,0.15972707,0.01597270667552948
303,"1071_2,4,4-Trimethyl-3-(3-methylbutyl)cyclohex-2-enone                                                                         ",0.5,0.48804042,0.16909064,0.01690906435251236
304,"1074_Benzene, 1-(1,1-dimethylethyl)-3-ethyl-                                                                                   ",0.59,0.5140451,0.17770906,0.017770905792713166
305,"1077_Sulfurous acid, cyclohexylmethyl heptadecyl ester                                                                         ",0.47,0.5051719,0.18056913,0.0180569127202034
306,"1080_Tricyclo[5.4.0.0(2,8)]undec-9-ene, 2,6,6,9-tetramethyl-, (1R,2S,7R,8R)-                                                   ",0.54,0.4952749,0.18163432,0.0181634321808815
307,"1083_2,7-Imino-3,6-methanonaphthalene, decahydro-                                                                              ",0.56,0.5131936,0.18914738,0.018914738297462465
308,"1084_(1R,3aS,4aS,8aS)-1,4,4,6-Tetramethyl-1,2,3,3a,4,4a,7,8-octahydrocyclopenta[1,4]cyclobuta[1,2]benzene                      ",0.51,0.48978883,0.15910785,0.015910784900188445
309,"1090_Phenol, 2-(1,1-dimethylethyl)-6-methyl-                                                                                   ",0.54,0.50955695,0.18047866,0.018047866225242615
310,"1094_Heptacosane, 1-chloro-                                                                                                    ",0.5,0.4914049,0.18237354,0.01823735386133194
311,1099_2-Undecenal                                                                                                               ,0.54,0.5198692,0.19714634,0.019714634120464324
312,"1100_Ethanone, 1-[4-(1-methylethenyl)phenyl]-                                                                                  ",0.58,0.5256682,0.18164538,0.018164537847042084
313,1102_N-(tert-Butyldimethylsilyl)-9-ethyl-9H-carbazol-3-amine                                                                   ,0.53,0.5289477,0.17556027,0.017556026577949524
314,"1103_Ethanone, 1-(2,3-dihydro-1H-inden-5-yl)-                                                                                  ",0.66,0.5482918,0.19020969,0.019020968675613405
315,1106_o-tert-Butyl cyclohexyl acetate 1                                                                                         ,0.51,0.4896387,0.16720909,0.016720908880233764
316,1111_Butyl benzoate                                                                                                            ,0.58,0.5237689,0.18895298,0.01889529824256897
317,"1112_Acetic acid, trifluoro-, undecyl ester                                                                                    ",0.52,0.5320983,0.16497092,0.016497091948986055
318,1119_Longifolene-(V4)                                                                                                          ,0.52,0.4977413,0.17028107,0.01702810674905777
319,"1125_2,4,4,6,6,8,8-Heptamethyl-1-nonene                                                                                        ",0.62,0.5420773,0.1955846,0.019558459520339966
320,"1130_2-Butanone, 1-(1,3-benzodioxol-5-yl)-                                                                                     ",0.47,0.506742,0.1690924,0.016909240186214446
321,1133_2-Dodecanone                                                                                                              ,0.53,0.50711876,0.17758225,0.0177582249045372
322,"1135_Hexasiloxane, tetradecamethyl-                                                                                            ",0.47,0.49583852,0.1993151,0.019931510090827942
323,"1138_Bicyclo[4.4.0]dec-1-ene, 2-isopropyl-5-methyl-9-methylene-                                                                ",0.58,0.5460616,0.1907564,0.01907563954591751
324,1141_Diphenyl ether                                                                                                            ,0.51,0.5142149,0.17927976,0.017927975952625276
325,"1145_2,3-Dihydro-1H-cyclopenta[b]quinoxaline                                                                                   ",0.55,0.49986875,0.17796177,0.01779617667198181
326,"1150_1H-3a,7-Methanoazulene, octahydro-1,4,9,9-tetramethyl-, (1.alpha.,3a.alpha.,4.beta.,7.alpha.,8a.beta.)-                   ",0.49,0.5111937,0.1927747,0.0192774698138237
327,"1151_1H-Cycloprop[e]azulene, decahydro-1,1,4,7-tetramethyl-                                                                    ",0.49,0.4916675,0.17821991,0.017821991443634035
328,"1157_2,4,8-Trimethyl-1,2,3,4-tetrahydroquinoline                                                                               ",0.57,0.5218494,0.15364744,0.015364743769168854
329,"1159_5-Azulenemethanol, 1,2,3,4,5,6,7,8-octahydro-.alpha.,.alpha.,3,8-tetramethyl-, acetate, [3S-(3.alpha.,5.alpha.,8.alpha.)]-",0.62,0.53360516,0.17015514,0.01701551377773285
330,"1162_3-Furancarboxylic acid, 2,5-dimethyl-, methyl ester                                                                       ",0.53,0.509336,0.18565218,0.01856521815061569
331,"1163_10,10-Dimethyl-4-acetyl-tricyclo[5.2.1.0(1,5)]decane                                                                      ",0.57,0.528719,0.16624294,0.016624294221401215
332,"1167_(3S,4aR,8aS)-1,1,3,6-Tetramethyl-3-vinyl-3,4,4a,7,8,8a-hexahydro-1H-isochromene                                           ",0.47,0.5034161,0.17367189,0.01736718863248825
333,1172_2-Cyanoquinoxaline                                                                                                        ,0.55,0.50752974,0.1855176,0.01855175942182541
334,"1173_Spiro[5.5]undec-2-ene, 3,7,7-trimethyl-11-methylene-, (-)-                                                                ",0.53,0.5138171,0.16325644,0.016325643658638
335,"1174_Naphthalene, 1,6-dimethyl-                                                                                                ",0.5,0.5136402,0.1816909,0.018169090151786804
336,"1175_4,7-methano-1H-inden-5-ol, 3a,4,5,6,7,7a-hexahydro-, acetate                                                              ",0.48,0.5102295,0.1886865,0.01886865049600601
337,"1177_2-Isopropenyl-4a,8-dimethyl-1,2,3,4,4a,5,6,8a-octahydronaphthalene                                                        ",0.49,0.49334455,0.17767987,0.01776798665523529
338,1178_Nopyl acetate                                                                                                             ,0.55,0.5065052,0.1736975,0.017369750142097472
339,"1179_Naphthalene, 1,3-dimethyl-                                                                                                ",0.6,0.54436094,0.15208837,0.015208837389945985
340,1184_Isosativene                                                                                                               ,0.49,0.51542795,0.18738821,0.018738821148872375
341,"1185_Ethanone, 1,1'-(1,4-phenylene)bis-                                                                                        ",0.5,0.5010774,0.16749267,0.016749267280101777
342,"1186_1,1,7,7a-Tetramethyl-1a,2,6,7,7a,7b-hexahydro-1H-cyclopropa[a]naphthalene                                                 ",0.47,0.48627037,0.17084664,0.017084664106369017
343,"1187_2-Butanone, 4-(2,6,6-trimethyl-1-cyclohexen-1-yl)-                                                                        ",0.55,0.53239495,0.17219643,0.017219643294811248
344,1189_.gamma.-Neoclovene                                                                                                        ,0.55,0.5267794,0.16690652,0.016690652072429656
345,"1190_Quinoline, 1,2-dihydro-2,2,4-trimethyl-                                                                                   ",0.4,0.47168624,0.16483913,0.016483913362026214
346,"1196_(-)-Neoclovene-(I), dihydro-                                                                                              ",0.49,0.5037707,0.15726306,0.015726305544376373
347,"1197_Quinoline, 2,7-dimethyl-                                                                                                  ",0.54,0.50897914,0.16545193,0.016545192897319795
348,"1198_Phthalic acid, methyl neopentyl ester                                                                                     ",0.42,0.47215146,0.17820182,0.0178201824426651
349,"1200_Benzene, 1-(1,5-dimethylhexyl)-4-methyl-                                                                                  ",0.58,0.5383511,0.18454377,0.018454377353191376
350,1201_Dimethyl phthalate                                                                                                        ,0.5,0.49443775,0.17190343,0.017190343141555785
351,1202_Biphenylene                                                                                                               ,0.48,0.49030438,0.18350148,0.01835014820098877
352,"1206_5,9-Undecadien-2-one, 6,10-dimethyl-, (E)-                                                                                ",0.56,0.53442365,0.17561497,0.017561496794223787
353,"1212_1-Cyclohexene, 1,3,3-trimethyl-2-(1-methylbut-1-en-3-on-1-yl)-                                                            ",0.49,0.49742886,0.16944636,0.016944636404514313
354,1213_(-)-.alpha.-Panasinsen                                                                                                    ,0.51,0.48047012,0.16868587,0.01686858683824539
355,"1217_Silane, trichlorooctadecyl-                                                                                               ",0.58,0.5487501,0.18724501,0.018724501132965088
356,"1220_2,5-cyclohexadien-1-one, 2,6-bis(1,1-dimethylethyl)-4-hydroxy-4-methyl-                                                   ",0.54,0.510288,0.17970808,0.01797080785036087
357,"1221_1,2-Bis(trimethylsilyl)-4-methylbenzene                                                                                   ",0.55,0.498059,0.17080055,0.017080055177211763
358,"1223_2,5-Cyclohexadiene-1,4-dione, 2,6-bis(1,1-dimethylethyl)-                                                                 ",0.56,0.51604825,0.1873417,0.018734170496463774
359,"1234_2,5-cyclohexadiene-1,4-dione, 2-(1,1-dimethylethyl)-5-(2-methyl-2-propen-1-yl)-                                           ",0.55,0.5157718,0.18501526,0.018501526117324828
360,"1235_Cycloheptasiloxane, tetradecamethyl-                                                                                      ",0.55,0.5263467,0.1809742,0.018097420036792756
361,"1239_2-Butenedioic acid (Z)-, monododecyl ester                                                                                ",0.47,0.47677985,0.18681121,0.01868112087249756
362,1240_1-Dodecanol                                                                                                               ,0.49,0.4785181,0.16682422,0.016682422161102294
363,"1241_Ethanone, 1-[4-(1-hydroxy-1-methylethyl)phenyl]-                                                                          ",0.54,0.53573155,0.17728333,0.017728333175182343
364,"1242_Butanedioic acid, bis(2-methylpropyl) ester                                                                               ",0.44,0.46254998,0.17193486,0.01719348579645157
365,"1243_Ppropiolic acid, 3-(1-hydroxy-2-isopropyl-5-methylcyclohexyl)-                                                            ",0.51,0.48697808,0.17310704,0.01731070429086685
366,1248_Dodecanenitrile                                                                                                           ,0.48,0.49736127,0.1988358,0.01988358050584793
367,"1250_Octacosane, 1-iodo-                                                                                                       ",0.58,0.53478384,0.16646647,0.016646647453308107
368,1252_n-Pentadecanol                                                                                                            ,0.58,0.5112969,0.17959054,0.017959053814411163
369,1257_Pentadecane                                                                                                               ,0.51,0.5081821,0.17816283,0.01781628280878067
370,1258_Butylated Hydroxytoluene                                                                                                  ,0.58,0.53554285,0.17824656,0.017824655771255492
371,"1263_2,4-Di-tert-butylphenol                                                                                                   ",0.51,0.49572206,0.1736623,0.017366230487823486
372,1268_Bis(pentamethylcyclotrisiloxy)tetramethyldisiloxane                                                                       ,0.52,0.4970423,0.18522552,0.018522551655769347
373,1277_Octadecyl octyl ether                                                                                                     ,0.59,0.5413255,0.19689383,0.019689382612705232
374,"1281_Eicosane, 1-iodo-                                                                                                         ",0.55,0.51683074,0.17919742,0.017919741570949554
375,"1282_Benzoic acid, 4-ethoxy-, ethyl ester                                                                                      ",0.47,0.48772317,0.180743,0.01807429939508438
376,1283_2-(1-Cyclohexenyl)cyclohexanone                                                                                           ,0.49,0.5108898,0.1690587,0.016905869543552398
377,"1286_1-Dodecanol, 2-hexyl-                                                                                                     ",0.46,0.5070604,0.17284074,0.017284074425697328
378,1297_aR-Himachalene                                                                                                            ,0.41,0.4667263,0.16959086,0.016959086060523987
379,"1302_Adipic acid, di(but-2-en-1-yl) ester                                                                                      ",0.51,0.5170347,0.1728663,0.017286629974842073
380,"1305_Hexadecane, 2,6,11,15-tetramethyl-                                                                                        ",0.51,0.51133627,0.18674599,0.018674598634243013
381,"1308_Dotriacontane, 1-iodo-                                                                                                    ",0.47,0.5058331,0.16404584,0.016404584050178528
382,"1312_Heptasiloxane, hexadecamethyl-                                                                                            ",0.45,0.48475248,0.17892557,0.017892557382583617
383,1315_Eicosane                                                                                                                  ,0.42,0.49088156,0.17517011,0.017517010867595672
384,"1319_Pentadecane, 4-methyl-                                                                                                    ",0.52,0.5218568,0.17993192,0.017993192374706268
385,1321_Dodecanoic acid                                                                                                           ,0.47,0.4893687,0.17346904,0.017346903681755066
386,"1324_Hexadecane, 7,9-dimethyl-                                                                                                 ",0.49,0.4903797,0.16300075,0.016300074756145477
387,"1325_1-Adamantanecarboxylic acid, 2-adamantyl ester                                                                            ",0.54,0.50133455,0.18352754,0.018352754414081573
388,1329_2-Methoxycarbonyl-2-methylbrendane                                                                                        ,0.57,0.518429,0.18833777,0.01883377730846405
389,"1334_Glutaric acid, di(isobutyl) ester                                                                                         ",0.49,0.5089959,0.17638397,0.017638397216796876
390,"1338_4-tert-Butyl-2,6-diisopropylphenol                                                                                        ",0.55,0.52054214,0.1843705,0.01843705028295517
391,1340_Diethyl Phthalate                                                                                                         ,0.62,0.54621243,0.15790848,0.015790848433971404
392,"1343_2,2,4-Trimethyl-1,3-pentanediol diisobutyrate                                                                             ",0.5,0.5113716,0.17609805,0.01760980486869812
393,"1344_Phenol, 2,4,6-tri-tert-butyl-                                                                                             ",0.48,0.48394436,0.17170157,0.01717015653848648
394,1353_Hexadecane                                                                                                                ,0.51,0.5069257,0.17639586,0.017639586329460145
395,"1358_Cedrane, 8-propoxy-                                                                                                       ",0.46,0.4945578,0.17590706,0.017590706050395966
396,1361_Tetradecanal                                                                                                              ,0.56,0.5285093,0.17423958,0.017423957586288452
397,1368_Benzophenone                                                                                                              ,0.56,0.52088916,0.1920347,0.019203470647335054
398,"1371_Benzene, (1-butylheptyl)-                                                                                                 ",0.49,0.50715166,0.17344771,0.017344771325588225
399,"1376_Cyclooctasiloxane, hexadecamethyl-                                                                                        ",0.39,0.48561656,0.16127332,0.016127331554889678
400,"1388_Pentadecane, 2,6,10-trimethyl-                                                                                            ",0.62,0.54454374,0.16065885,0.01606588512659073
401,"1392_1,3,5-Triazine-2,4,6(1H,3H,5H)-trione, 1,3,5-tri-2-propenyl-                                                              ",0.51,0.5123443,0.18239895,0.018239894509315492
402,"1393_Fumaric acid, eicosyl trans-hex-3-enyl ester                                                                              ",0.43,0.48609143,0.17111976,0.017111976444721223
403,"1408_Heptadecane, 2-methyl-                                                                                                    ",0.47,0.50771165,0.16657846,0.016657845675945283
404,"1411_Phenol, 2,4-di-t-butyl-6-nitro-                                                                                           ",0.55,0.5204341,0.1717848,0.017178480327129365
405,"1425_Hexanoic acid, 3,5,5-trimethyl-, nonyl ester                                                                              ",0.55,0.49970585,0.1757313,0.017573130130767823
406,"1433_3-Chloropropionic acid, heptadecyl ester                                                                                  ",0.53,0.50492007,0.19008602,0.01900860220193863
407,"1436_Pentanoic acid, 6-ethyl-3-octyl ester                                                                                     ",0.45,0.4893321,0.18579334,0.018579334020614624
408,1445_Heptadecane                                                                                                               ,0.6,0.5504365,0.17909388,0.01790938824415207
409,"1448_Benzene, (3-iodo-1-methoxypropyl)-                                                                                        ",0.47,0.4944026,0.17321439,0.0173214390873909
410,"1452_Silane, diethoxydiphenyl-                                                                                                 ",0.51,0.50203776,0.19334127,0.019334127008914948
411,1459_Pentadecanal-                                                                                                             ,0.52,0.49380124,0.17862894,0.017862893640995026
412,"1464_2,6,11,15-Tetramethyl-hexadeca-2,6,8,10,14-pentaene                                                                       ",0.56,0.52366644,0.16468705,0.016468705236911775
413,"1465_1-Penten-3-one, 2-methyl-1-(2,2,6-trimethylcyclohexen-1-yl)-                                                              ",0.58,0.52591115,0.18154493,0.01815449297428131
414,"1472_Benzenecarbothioic acid, S-ethyl ester                                                                                    ",0.66,0.574147,0.18069255,0.018069255352020263
415,"1473_Benzene, (1-butyloctyl)-                                                                                                  ",0.54,0.50773025,0.19424383,0.019424383342266083
416,"1481_Benzene, 1-(1,1-dimethylethyl)-4-phenoxy-                                                                                 ",0.42,0.48489463,0.19273405,0.01927340477705002
417,"1488_Octadecane, 1-iodo-                                                                                                       ",0.58,0.52077246,0.18188867,0.018188866972923278
418,1499_Heneicosane                                                                                                               ,0.57,0.53801507,0.1813477,0.018134769797325135
419,1501_Hexestrol                                                                                                                 ,0.55,0.5079732,0.18129578,0.018129578232765196
420,"1503_3,5-di-tert-Butyl-4-hydroxybenzaldehyde                                                                                   ",0.42,0.4815066,0.17714094,0.0177140936255455
421,"1507_1,3-Cyclopentadiene, 5,5-dimethyl-1,2-Dipropyl-                                                                           ",0.57,0.50890994,0.18479413,0.018479412794113158
422,1509_Hexatriacontyl pentafluoropropionate                                                                                      ,0.56,0.5224884,0.17532568,0.01753256767988205
423,1516_Tetradecanoic acid                                                                                                        ,0.63,0.56489015,0.19255692,0.019255691766738893
424,"1526_.alpha.-Phellandrene, dimer                                                                                               ",0.53,0.52706224,0.20002243,0.0200022429227829
425,"1556_Kaur-16-ene, (8.beta.,13.beta.)-                                                                                          ",0.62,0.54018867,0.178562,0.01785620003938675
426,"1563_Benzene, 1-methyl-4-(1,2,2-trimethylcyclopentyl)-, (R)-                                                                   ",0.53,0.4983857,0.17796405,0.017796404659748077
427,"1564_Acetophenone, 2,2-difluoro-2-phenyl-                                                                                      ",0.6,0.55097556,0.19305007,0.019305007159709932
428,"1570_Ethanedione, diphenyl-                                                                                                    ",0.54,0.50846446,0.171469,0.017146900296211243
429,1579_Isopropyl myristate                                                                                                       ,0.47,0.48199326,0.17356876,0.017356875538825988
430,"1597_Benzenebutanal, .gamma.,4-dimethyl-                                                                                       ",0.52,0.5097023,0.19496796,0.019496795535087586
431,"1623_Bayer 28,589                                                                                                              ",0.44,0.49120194,0.18027698,0.018027697503566743
432,"1638_Tetrapentacontane, 1,54-dibromo-                                                                                          ",0.58,0.52429044,0.175204,0.017520399391651155
433,1645_Palmitoleic acid                                                                                                          ,0.43,0.4641447,0.1782529,0.01782529056072235
434,1650_Diisooctyl phthalate                                                                                                      ,0.45,0.48748,0.18512839,0.0185128390789032
435,"1653_1,2-Benzenedicarboxylic acid, bis(2-methylpropyl) ester                                                                   ",0.5,0.49703208,0.16705698,0.016705697774887084
436,1654_Tetracosane                                                                                                               ,0.52,0.49933988,0.17224957,0.017224957048892976
437,"1660_l-(+)-Ascorbic acid 2,6-dihexadecanoate                                                                                   ",0.61,0.53898793,0.19793081,0.019793081283569335
438,"1663_7,11-Hexadecadienal                                                                                                       ",0.49,0.4948598,0.17218159,0.017218159139156343
439,1672_Bis(2-ethylhexyl) phthalate                                                                                               ,0.54,0.52605295,0.18431664,0.018431663513183594
440,1700_Dotriacontane                                                                                                             ,0.51,0.492005,0.1732159,0.017321589589118957
441,1707_Squalane                                                                                                                  ,0.48,0.49577016,0.16675729,0.016675728559494018
442,"1718_1,1'-Binaphthalene, 5,5',6,6',7,7',8,8'-octahydro-                                                                        ",0.45,0.4738573,0.17429882,0.017429882287979127
443,1720_Tritriacontane                                                                                                            ,0.42,0.4727508,0.16363402,0.016363401710987092
444,1730_Cyclic octaatomic sulfur                                                                                                  ,0.53,0.511063,0.18197581,0.01819758117198944
